title,price,link
1+1 로브 싱글 더블 오버핏 남자 기본롱코트,"79,800원",https://adcr.naver.com/adcr?x=dR377J2cLYZcECvMcyHcGv///w==kDXhY0tV/PDKkusNSzFJw4EeiRG35oAgmf30CYyae8qZ74FuTKOd3YdE8ZuCkkeM8PKqkdbFxK6Wh77ECNZc1wyre5C+PSRjtSYF/6IidB4O0/0yT4/tjhjgyNdUrGRUKwXuG8EgiV3h6KxKHgmm+WkR0fakyfmeUBS7+t8ntDBqnV4ruc1H/yhPFdwDBr+x0DduPBdRemCWOsh90xlEo1oC/yn2bCUuHwuMfCT4fem9a70aeYvv374RZMz7jq5MjeHhKQYmBbfWWCRqCA5JukKEs8feCQkay1vKRSxj/fBdkxRwRqlDZ3hitmRw9r6Tx6cCY0dSrIuE4zyKw2n7cfG/PojO35RMHRnjBkVOzDH+5xqoKctFn35/7ZzNfYzNjd2x/2Mt6OHKj8b+Ckaz5c8yAuLk8AOPujUbyoGrLm98YiyihjMXi007bKBoeUeL6w/XoZBKz3S30Q4j9EKfwUFlIgk6iqfzbshoXP4xJUa1+xj1qTEXminbzsb4Hzk5FPSyxAMgnphp5No8KuTkPrISGtltHYD+faRGT+RICu6HKo6f+JV7DKpS0Hs1AeUkRcBoQCabVeewSHMUSqJz/vXx7FbOe+KgRkIK3UPlJOBh+FFz/0/1QkulcDmEuvn7wVe1OtTaZagu6hBfWEtN50vsoEgPnyeEm6MttXvhxeFHBFJgNHd9FPEs1uP8X88jcylnA3OypGYedGXxqSSbrcXRkexbgf5an1SKN4QxMGcUSeQLsvhhtKIre0spIezn0J256Q46/MJ7X71/+thDYus6csa/Yn8iLGsMdEaBlO6nvlw0Yam+g39av12XNfnte
클래식 싱글 남자 테일러드 카라 버튼 울 코트,"45,700원",https://adcr.naver.com/adcr?x=mNRA88MBqVlyd6+jDMaSZP///w==kUURA2SoeddRBgeH1M/1W8pMGNwoACQQxtNfSAGZrTOJzxkPsly2uKIuWdJ9IFkZRia4xZfHIQaXQ0ldGSjx1KU4zWThc9deCXJCUYfoCqy543V5LqONgeS2BNJnN8LoLdfyKqFzFzxUkRnLAqVIoq04Bx/50LRpKnJc62rzanF9ed8Ae9KFnhlfkfaED7juW0yPCljqAjkB8tFdqaBUuKLFilSaM9rL/zFy5zvbXdpNnJFS3UA0/4dHfV2+u/rvOQUi1THfAYNscjxg0TZ9zXnbYwuUeZxZqE5lAxGvLBQXhybztzGRuuqAI7iLIhkpyRUZiCk/uSEFXzwOQUwVowA8jS2JnBBBYPszNqnoWdFpIPGSsdseYhxa4JD/3bujhOmCYIsN2lQ486r/ga0o83Ts28TT9jLbPctV+TyYNVi4BgX9tGG0DyQ/ajvXql0uNlz3L0RCtlXBkdYomyOgBhlhxRtEHCtFkdAIYXZdJmlU+FoOskdcBhHpMGfz6QktuI6FWU74JYSxim0HkpdIXasIRSUprYhOd1jaMI0ZQu8sJotnTI968AEgzEpxcmOT2B0acnqY1hFeFlH9iMbhYD2thwzFu2JvS+gsca5iAIELo9DPZ1eUXLx7TsZbO6uNhTNB3t+VYdq+7JJt2wOS216XXhVsF2I56RNmdlXcudqY4lDj5MHy+ahgN4Kxh82p+p8pgIv3ZgTZgEn5vxMdzl7zvHlyPg9LJrl8ho73TV5cKp14EtDFfPjXoKqneYVvo7pGO1Cn+SmGosGzkuCmBHVnTO5ZShIJTarAlwnSvd1JCY/U78c5f/Mtcw3oldCGg
가을남자 오버핏 간절기 더블 누빔 고급 울코트,"49,700원",https://adcr.naver.com/adcr?x=ScKQmT5rA5ckMioXk9c2qv///w==kNb6lqQyaeUY1EL4PEbmWfpb2diaChdceP2IuiLb1UN2sxVx+pmsiynGjm4vNbQlynafUQr+sf+qC2Qtb4iR5ehIu456o2HBG+LozD5xUzoHjjhbxcd2g/nFZpGLOsLBkkwyYQ1VCnya5fHIDS8TwEtXgA/mj2CjQGBK7iFUoAssKz137yquyJ0mZxgGmbLx9HwJ9hrWPWobnChFipMxa2Cb5Ffpr+Z2W4tyNmGj5l88QrgkBvUE0qdb7Czh+UPDglizlUvwP6F0+x2DiWlOGrUcB1a2c2oiMPMc/ug6Cj465GaV61a3TNCfI6rAOlCoQUzeY2+/sht0dVOtQv9+nJ+TF4gTPrOUnV++h3H0Hb6yeUoT4uTdtndt3KPhHJWWtNRieiFhmFTUS6b6z9IXfOkBG17uIwg+KonnfXG5lGcKs1zKI25Ltt+2KVfQvlfiULi0IBNJfX8isw6kaWenVRF3BFfNKavsOHUBk8dRMiA7RH37Hu2LgRhxvfUUDB0/XKLQstulPbv13xA672t5MEgq4Uaew05mSciIxz+Uh4nIqiEouEmFIVrs8hHsAZnTGSBfsCW7M93pGO35g51g3zr4QnhvYUJIoex0Z+LSHHBmkvCrk4pZb7cbOsNYRQPWULVxZh9lqT7KehOWHJeVzOpp/h6U4P8qMN4/gPnbuI9rbIyDiqvoyj0h1iRfCW/RN5524beSrIecOA6O/v7MC9DzzHNaA7DbtEZyALIPuW94wnjXg/ucShWlO10K6GJfi1+oXRVukk47LI0CKMRo7WrIDYjFmnOsmAojtgbKYIPmjjrzAYtbrzH3xGqhwkHOt
리안뉴욕 핸드메이드 코트 RMIWHC70,"25,750원",https://cr.shopping.naver.com/adcr.nhn?x=o2nhvW1Qfij1VkTPw59f2v%2F%2F%2Fw%3D%3DsTrkGoJFxRlyPVnvCbT3wV6w1n%2BNoW4lWI2t15WinJaozn3q7uyryrtEACJ1%2BDzPRRD8Xhtli6qpx7Zhcx7lfr%2FZebuz9uNCjETvxHZKwD31ZmDJp%2FbIA3dYAtzMeraqpZ51b4zIIhzI2xYZuL9f9QD9rXyqENDUD8omnd%2BAEOivE1JfnQ64k%2FNZrCVNNWUrDDGUFF1rIaLAM3vSMRod7Lz1HbM8a24VVfb%2Fw84yS6UTZyd5XQ8V9uTq8I50A65f8n4O03wz4JiD6W3bekis5o2MjnQdnL9wtXZ1LI9BLQeEQhkkHXK4%2FmSRy5icYE%2F27%2FhDyiXZ86Jo%2BZEQ64BV62d47HpR4%2FOxJLsnVEiuVG%2FFkIptLkhleORsoGb3BUK6QKHctFNubbRidH1Cch1Co8W298U%2F222uxWP4EY7izqytKsaK6szvgRo5X5XC1HnWyz2DIMlduPoXZu90lj%2Bk5aHhCV%2BycjXh2UUIQasT%2B7G8bLN4MkY39L%2B0Jb1i4NGoiEv9bPlzJTO0MKEN8yIn2%2FUxyoJckP%2BiRUyvUkwSU4lWOv%2B%2BG7P8zZs54SDuTec41Acm2orymwEzf9HWi4gEy6Q%2FD8ilHjztOcVfYh5Ift77LVWGr8fvvH1mWvUgXPK6j&nvMid=14574451128&catId=50000813
나이스크랍 퍼포인트지퍼코트 N194XWCA44,"93,421원",https://cr.shopping.naver.com/adcr.nhn?x=7GxkJW958yFlyUzsZnEmQv%2F%2F%2Fw%3D%3DsC95CJhuTaoT6RnijHzQmGlgKXFA91%2F1NK1ar7bvH1oQesI%2BFdcFeZstXwZwr4XXdJs40c6VvODQaT7QlHegpazVV27AjRRXf1X4jiSqJXD3mKvtOsrr55DVy%2B6%2FaRSz%2BCu5aRJROLB5RcTnLg1sKZ4BsJjzV%2F3vl5Lmd9HbkUGKmuJVM1QU1cDigHCsm0Q2kny78QUaDr4mWP6CKs3mW%2FYgi8VQm%2BKlKnmToLJKxogq%2FcuW3HTQa25bZgrOwSdY%2BvHqZq%2BCVtmDNYbX8XjrOsKLj%2BvSXPWhKT0BbyrMWxS%2Bk6v2w9jBqMGR4TTsgYaQnlII%2ByYYqWVu3SSXxcjEJdEBr%2BNS4Mneeo%2BgcgkCPxWJQvCL0vjT7BDyew%2BppTYv%2B%2Bbu%2BLDfu774B%2FRg%2BRnPvymInYm2RGstSMtnciHUTHZRLXcv9Az4Jm6rquko58j6DthTYbeqEBK9uESYxcJaOrAl%2Fm5OjK67TWh6%2BIb9OQe1fV6Zy1JDqgnGEuTeNByyxgb8LKk4Klmm2yghAtcYej9XMbZ1mRlWVZuzpTkXaN6jsLV9AOE14FAx%2FappbEinzT8AlxSYkXaLH96LNyv1p9ds%2B7nwUHUA7fz23ojqZXcN%2FBf7Tv4Ihny7UWKJ68sPIA35CyMrpXQUt3%2FJvHupy5s1ITc7NlRPvorKrNyQBKaY%3D&nvMid=21671396898&catId=50000813
(메리노울100%) 퓨어다 핸드메이드 코트 (ver.더블버튼 구스내피),"151,200원",https://adcr.naver.com/adcr?x=d5f6Q4EmKCin58ERH0EOP////w==kDzHYWi9B7hhPGyzkduryeaisEkapo2Wx7cLAIjC1vgcWj08MPGwfviSNYM6nyOYxzt6g9hYYUU2M6zzuDm5UFZAOgq1engsBRS46Fy9b9+LJyNmNduqZUIRTjxqCAafA8aa7fBJhZ25spQ++nlC0qOGDIKM4tCy3D3UXCZzMVTUw1Dr4qOIoPT7fXjXKY5Tl6WgLXSpeeLEShLQdwX5X/VW94GO38KoD1xd3XSbUo6yKG5nECJqSBjgAdi9vXjXUQoYYKEY2Nkyzm145+sGz5yVJUw2nLMPcTaHtTWRdrPRzsz+O24Yp21GiL/6WtVb4foklJFCTCYnON+fUHSw/Ubh6KG0r0b6qq5NcqyIjpUcouKy+P2hpJpOIMVy/bGXiq41bq54gnHtsxD15F1V0TM7laKpxkpOec+KQfBrY0qBjgsMsCoeIGQWNsMJ6mJenVhkXfCYWaBm1y8fPQRO/5MyMSab7TjaOfl/8qAORgseRG35M/CIUMZ2UL17xVFIQvobGfiCt5e5K0WXJ2DoSJP9n86hO7uUOcBt7v1tYOnl7+yFYZ/354wdROxMVJMVMfBnpLZMH01tmxdHTs8n3+2xWKNJiliS6sniL5hg/JvyCW3tYT/8JUFUsIyUzeiSS3MQkiEgNJ5b851lod2RB/0hbWYYPEQ6rnCZPgXx6mSIEptkHljR8TpzLSRs3tE1Ftu7oyb1j67WgoNtH07QAsTSDIubYEtiIQuMysj+j+gsK/cZ0I7Y+miHgWIiiS1E2BNSZuF6OOLlqlwe3+Z+1eQ==
US테디 국내산 핸드메이드 인조가죽 롱코트,"167,320원",https://adcr.naver.com/adcr?x=QZHUvL8PFL3UtEzEAStV4P///w==ku9TKWlhWhGqjbeHyqKjL3q4bdr0peLcsUitQM7X/T5SBmKA+OqlEyX3SRhPn8MOB2nMHOEGyTLVA7axlytA8y28pWaXdJOC+x5VY5lxfHhdB2j6dwNX7/8X4YkYulYf495G8NbYEN0XdN6zZHsHPTB68Ny1AFJmP8bMRrtyGWm7UWDq7MWqPA8UJrkPh++9hIcimN20gcHFvqarmeqY1rr93iDeMYGFCHcIKfLNYw1ItOjEZOWxOCtqrQzhtE3uTt3V3/RQkr+tUMMYdAmau3KIux3f7rli7kojB9PZyDKr8Bif5xUJDO1WWrNSZSufhA0p6u0umMkxaIUo51hkLorHC21Pgo4nPvUh0qdvg2brZWIQBcsTNPMpCaczIZgAy8WJPDi9nwWCXm3UXWGU3Ora2z3KVEYD0VnOSobabH+n/Z+iaqKsFi35/RCDQuVY7wTyUCpScP5ntpkEMhKOrAW74MvunXvW6f8ERpPRr3v0M6tvNwQcO8RgZiB2iMunIcRZySc5rM+1GTW6XNW3XuxXhPOB94PDJdW7iFwJFazz0YsK6sufwaUBKSS44UYCN3x03qrrkNAnvMRTSrgBbYe7UfbZYhtLYOtd/oQk/7Kv2BB6RQJAYwtpAzjPVW87nV63NbA9qK0NAFPO7+kceL8r2PTnvGNHs5zKt6Lri1Pl1v4I6gG+oMfLrA6fZtU0PovOjEAHJY5I4Yf7Rt6/Zug==
[헬렌카렌]에센셜 패키지 2종(롱재킷+원피스),"61,100원",https://adcr.naver.com/adcr?x=5dYCfPsGkWvSbPvbmcJHif///w==kDcGX8z6Tt6/ZV/SjuxPZPM15OCkMu8ofWAGZ/X+ZpD2JIxPoVsGRcGQ8E2s+BqzGXtZ51qjIz7Q652wiIe4VxXQDv3fh1B2y7exs8gWEyMdzBb30zSlza+NfLetIx1Xb+bEhALMRmii2aBfVFnXxM/TpUMqMZxr5PfC1cgKzMtVtaar+j5EIMjIJmJcS/9kuNd/UD7zvi4MWen1W+3JTPC7g5SYV5sE7dKLWhgQjmNxlWVK22q28t3mbMG4BrTt3DkYH9d0Al2Nqmv/tyV/Rs5uU+T58BXz5wpRMHa5EN5Mj10f95gvjMBO5oVqYlPI1Crs3j0B331OSghY7QkwXK2sxDpbqauUWFYWWhRTP346BBHBNpfp2ijek0NS2qFW6a7YXjd/2bXZWXyHxohCbfrUdWZx9Mp8R4mjqQoZcWImaLX39SJ7Z0H7FZkipmRnnXdQhvPjlG0z8TzZA9Vn1wVXAsQlP+aSjau5HzqDad099gmuwZ3Z36WilMaIVWEc6dzbD0qU60hQiWpNmoCkZuWXkwyUHqd7xUf4//bl8P/JARNpt47X5ZVFVFv0xqtVQXngaDMPMrvL8YpxRArhJ9mwFjj8pNyVwZgcvRjswGS6Xe2NKhij/a2+jwrA2OZBo/52TE4TDbpSUj4qyLx8XyfFMSFqb51G0YmJjXXmi1ie/q2q18hZeakeMu8o7xrZHewrVmLEEw0NSQ+MKHS8xCfO/8wvtXombwCVJKHz3X/qpNA2uUOgrssow3uWW+D6aVjVz6qUxHojHmHs5MhszXZGprNnTNE4PDxAu1xcRqUW9bFG4A5qGiNxcZ3O1ks/HyojyhABWSfATwaHXVaXyGZ1Wod3m0tmZHQJykAzlmco=
온앤온 벨티드 와이드 트렌치코트 NY0SR102,"30,830원",https://cr.shopping.naver.com/adcr.nhn?x=%2Btsn0IWwVpz6xJjRc04Psv%2F%2F%2Fw%3D%3Dsnd2eZv9BIleap29DjAAwMiyNM6J2TIUfPZ8212DGBRgesI%2BFdcFeZstXwZwr4XXd2m7I2M5lstVbDUJXm2eestKugVM25e9XWmbWe%2BDVST%2BT6ucGsNjIDI7gGG6aijjIFPazhAfzDGgqvG%2Fv61swP4BsJjzV%2F3vl5Lmd9HbkUGKmuJVM1QU1cDigHCsm0Q2k%2Fg0OvN64H1muO%2FIEyyTLAr8uWsJZF8G9x07qNrSXgPS%2FcuW3HTQa25bZgrOwSdY%2BvHqZq%2BCVtmDNYbX8XjrOsKLj%2BvSXPWhKT0BbyrMWxS%2Bk6v2w9jBqMGR4TTsgYaQnlII%2ByYYqWVu3SSXxcjEJdKpzaHqB77qxXq%2BWuF4%2FJcFQvCL0vjT7BDyew%2BppTYv%2B%2Bbu%2BLDfu774B%2FRg%2BRnPvynb26WCr05bjOE%2Fcc8mZEKRLXcv9Az4Jm6rquko58j6DK9NLHjehuf9ceyV3nw3jWaB3uN0dN%2BJGLyYsbvK4o8zc7GYfqCAlC%2BzbGANyRWyVEfLdBBLCOItFSOSVM%2BYUrv0pSVFUJc4IX6M0CIWlLCr%2BAiO%2B8tkPsExoxr%2FGXnBajr%2Fvhuz%2FM2bOeEg7k3nONa21nwiGz2xpi9KCnOJr6knDTrnZyMycTawv8HiNlxIAaGimR4pR27mrh1IoDTOSgA%3D%3D&nvMid=21769847386&catId=50000813
쉬즈미스 셔링 포인트 트렌치 SWWBYJ11100,"46,000원",https://cr.shopping.naver.com/adcr.nhn?x=lK1nqZA6LulYeEYW4IxYzP%2F%2F%2Fw%3D%3DsXdCKPgSlym%2FWK6egg46esYwNiAM41M9W9uCc7cVexrIesI%2BFdcFeZstXwZwr4XXdCEBbG06JJ3aIdYD8vTRGYNKugVM25e9XWmbWe%2BDVST%2BT6ucGsNjIDI7gGG6aijjIFPazhAfzDGgqvG%2Fv61swP4BsJjzV%2F3vl5Lmd9HbkUGKmuJVM1QU1cDigHCsm0Q2kal4T6TJqraV1ddvctyH96oTrvs2VH0Bpcv93wyTSE9C%2FcuW3HTQa25bZgrOwSdY%2BvHqZq%2BCVtmDNYbX8XjrOsKLj%2BvSXPWhKT0BbyrMWxS%2Bk6v2w9jBqMGR4TTsgYaQnlII%2ByYYqWVu3SSXxcjEJdMpNoHsYt%2Fl7IQdVBfpCUvxQvCL0vjT7BDyew%2BppTYv%2B%2Bbu%2BLDfu774B%2FRg%2BRnPvylsvVcLVgHmYt6h%2Fz6vk4UBLXcv9Az4Jm6rquko58j6DXFoKRZ8XO2ABgHdAXBBh4oHT%2Fe6fdWAE15xqT6RK8PhLVdAH3z%2F%2FpThaOVsiVPmYx1dQ6ro0ehwSCdF9J5D%2BvS6DshlTxfePtDfere1oTWzDamim%2BTkfHK2Nuua%2BC5jEN%2BH97dHTMAmGwOQKf8sAD2f1qW1AzOPTiZtQs6uxmz%2FdlK21NsXIz4TbAwruB9BiQdAiJdwXirBRdnaxfvrBbw%3D%3D&nvMid=23995546146&catId=50000813
남자 가을 트렌치코트 여자 공용 커플 시밀러룩,"49,900원",https://adcr.naver.com/adcr?x=4djrlzrvyGzpN451/RmI7P///w==k4gWWISpLS50qmhqhttpairQEYazY93cZ8NKZNe7XGlmki8qIiXFRzi1pmaKs+W4OTbsnmwlFNAcbVnUwVU6So1DK379wjMcar6bG7Uf5YMtSekOrgS8qLDyzFx1Zg07HtST2ua0W285s5cmRKiCbmxFvRmGI8sL0R37OkV8VVqZY2FyXvCqt4bJZAGH6AOauQds8pI3O/aTio0DSW0X6+Su+vomO5JWj5M5xuDXDgQHMzy8ItKcLgKIlQFaiVMjyp7yGTWwjNzeXByyUD6tC1lOmm5Vvz0V6vuuDIYcXQRNMPmuFv4eCCd2Mq0xVCA31ieDuIqWVe8GkRUxStk/lVfUxdcJKr2um4jK1Uptjk/5X3z915rbEFFGCbkvvKbZS5XpguF0A/wUjDesiWTFBPCGQcLwWSRI/4MSjnvs6TjBJvJSCWvm4AYTD8DZK/lDAEHArjKNhlMdikfykU3v2xS9eTNO1f5TM5c7tNUc0Wl5KS8pOjQjglwkG2s7F5/sG6vNAgw73BG3HS+X1xwYVp7uZE4hnZu+pjXO/xzfwRZ+iJqEbU0O9y9nXlIsWc6r55P8T2TLOiOwErDU1XCkE6U0x0ozMF9xp4QdVHVVIFOvhmXMdAeu345ipfBbQ5bDvv0y1jgF6Ja/WPp/AUQhC/5LAkMWJ9m+yPaU2XrtHaJe8FlxJ6fDDhRi+0M+b5z9Y
핸드메이드 울 코트 카라 숏 자켓 크림컬러,"96,600원",https://adcr.naver.com/adcr?x=SgoarKtpmzLtmD2qVvDTMP///w==kUOI9LkDPX3wbBIIgmm0xDSo1P1FLmnDJCsVVkDd1ZpETRy+hEzPGL+58m6qVfjUXi2vDQ9dZE2rxcPPSYDaexAHklaMYgnp5npgwMHMW3hz5RXpVa4bCdatPOqVIuSh00k0K8/4h94RZzQP2trk1Sy5q5adGKa+zGbC5XZ1CCLg6IVPdt/b/o2eh4Pw4D4QAUX89jLdWSZEOjenTK9aTrtliltwX1nDyC3NxgL5LkE3rrHMUr44ryiJY7V3LgnFCMV60/skdY8BTOCUCwz4pRqUreRRIwMgiAedmVRfU9qMtcNzVFENHBAaxOJs1haH1boHDgXDOhMQzvV/veH/82at4AhXoH0Ee+3zEk5dZIVBHTnIq3ZRABINMsCUK99XEVrHeH5NXjW2KiCydJqdKb9UBjxtGJIp2rHmq3A1SfV7qth0UyTsu8CnLc1ETEwaURTuEQ/qiO7fah6x1wr+MQwFUnTFKZZ743NMbg3HOZNZXKMRrF9rN0a30vMNcJ9vW3gcgkxAJJzRMIQVaW2qSEYU0PlpKey6Y56O0i/NZ0hraS8MqiyWc2/oDokvsoOQ8QF5KdKFErqST5p7l0vupe6R383aIRT/9AqBC+IXUEpRdR10gbqPxylnof53j1mzLKLb0Y9mOvkceZ4f0qAbCo+2jQM49yZgCF8v5SM+bxyAWOvchykj5BVlcgPrjln69q/6FSA2Ix7WM1rZU/U71Fwe0idZ362qBM3cgAOqYviWpcLU5EOSR1zaFOjiRYBlrrKVfhsjlAM6Co2FJp2g0gpwAR0tMPOmKtZR1NIfEi+E=
하이퀄리티 핸드메이드 스트레이트울롱코트 헤링본,"195,600원",https://adcr.naver.com/adcr?x=/DMQbJUlpccwRFSh3cSQRf///w==kSZeiXndU1qnoKCVzG6CZ8qYStda4lsFV6lOkgOKAI1qvOWtE2+HbE2AuXowR7csKlyjWc3XiI6+4Td5rtxLHqHupjuVn3Kb7zk1NG/ocCyP12qAa1e/rMNDrviVPbaqGHTkIco5pZRe/nFE9NUFT2K8HXXLVZzkxgsbIXZJ2k39aAE0YiXx5b7lxE87nyoRZOwuGVTU+GcWJM35KagD+jCfosYv+utF7njxrj7MyGKHuqIlpfCBLmDUf4zlKCzPdnxZCV8Qk6UBBMPSA1E0T9f8av1LHctm4fyyRdur6FHdJcgPxDKsD9AMM+NR4oX0U4MH9yccFyq5eUsHsmoKXWFbpsCmwRlZN4KOSwZadG+EDayYAtiPnCBNB6edET0eRvFRbe3Ygmy4/sy4p4jDCzWyGbhGx8t7h9FaNMm2QGCmtPgTBbtADTqvrMSqXxLpKsUoX3ayRDJrUtTZPonsaKgQ31lK6Y1+2+dmNtPvqX8u4bikETlh8Hm8W2cffRDCboPGJ0v67lSow5nYZgPWY5eXe4CKbIqGSLhAkV6KsLXipd7QQaaPPY2LZqxqW7Wn3ewLLZesFZmjMhw5tFop2xLC3r5lq1aTmnkPs3gtXO64jXqXcvxbuGPqLCMvZUQbEqkEWeYN8WSOV1cBbEE07l2zKyHBj3aeved8i1wz6akGjSU0MppIbl19IGMPpFZ7i55WSNDRqzq7gf+VEEXgZ++LbO5jTJiT6GYXg5+pUB2hPvwTikSH14ehSf2JbfjiftoQQIGZXQHpbVdEStL5FpDckozZrNG3ECAb4wxkUCwI=
다니엘 에스떼 다니엘에스떼 캐시미어 블렌디드 케이프코트,"95,780원",https://cr.shopping.naver.com/adcr.nhn?x=1JqKJpe28S8jOiKIWsfim%2F%2F%2F%2Fw%3D%3DsJY0uv0AV58dNQB85QlWZRNejUx%2FQuAyJXaA1UHHRSoppr9CeOsJnA45eJlSnCphkzG52IEYXUNoEwFERmxZLMR07DdbtulPPlrbQadkcaFUTVucd9SB2Yo4DkLtx%2Bh8muqeS0noQNXb%2BmvMRaHW1rsOmY27ZGze0Q%2BtXRlM4Oxu1NWg8rRueGBkBUQyr82CcWuedYBlZcZ9xhUFHjBzdMTqhFcjKSQyIKPoug0rRkk4HU153Fy36vlrjilK76nJqMmPfl4J1KATZDNTH6FhgyDPDpGIrabitp2up06DaRfi54J8UO7LDGXdPU9Do8oyMXmq0wb8nQ9S1CNyVqQgAyLDpDjnx2ihru6jMdZz3bh6zaLo3YojXuQJMvdaZ%2BI%2FydBwLPwTzj1iO0HZRjk4yCRSJjWRkok7vfe4uR0UrnrixyTNOpvF5JKAAUscSxRXpB2rgWwkMf3H0tsPzLTdiVsrbPLjCUp3j1Qvt%2F1x0rHqDSutw07Zaa%2BI9POET0Qce9769KNZ70BZ5dar5ZdFX5x6oMEEcx1YUYEASTpAe9G%2FcBxuLGMrcCH3MYH%2FfERDd1cxtnWZGVZVm7OlORdo3qJbg%2BG7rUdFmqVt0TtLGNVdPwCXFJiRdosf3os3K%2FWn1en35C2q4yI8%2F1NjY8x%2FjzcxJB2kRK%2FqK3k532OVDQEhvU2Y6hEEwGxc1AZfON9sL4VRAH%2BsMDObarUodGweR8Q%3D%3D&nvMid=24266838005&catId=50000813
스튜디오톰보이 트윌 오버사이즈 트렌치 코트 9109311998,"88,800원",https://cr.shopping.naver.com/adcr.nhn?x=lf32WxupMmgW0%2Bcu%2BCsYMP%2F%2F%2Fw%3D%3DspKgRr1ir2pfCOB%2FWHa88EJIbNfemtDLvEr7Ym7OgL14esI%2BFdcFeZstXwZwr4XXdd6xfsP9NE%2B1cEXLhtz27ed0rFL0om5%2BHHV11QuAUyYpXuxHT0YSil23n%2F74t7m8zRHDet%2FF5aFkUi%2BRSb72XjIBsJjzV%2F3vl5Lmd9HbkUGKmuJVM1QU1cDigHCsm0Q2kAW45Hx1oprfoZmTZuAF%2BcMzEnbuBTnWcYhyVia4pKum%2FcuW3HTQa25bZgrOwSdY%2BvHqZq%2BCVtmDNYbX8XjrOsKLj%2BvSXPWhKT0BbyrMWxS%2Bk6v2w9jBqMGR4TTsgYaQnlII%2ByYYqWVu3SSXxcjEJdENC0UAZzHQpSW216LuHvDNQvCL0vjT7BDyew%2BppTYv%2B%2Bbu%2BLDfu774B%2FRg%2BRnPvymo%2BZonqCVOHbhCxNNDBC7FLXcv9Az4Jm6rquko58j6DU85YCOFyc4fw4%2FdOg%2BVzIBd5k0r%2BIG7DQXeVXYOm55WtEQa1d3GTVdVd6FrOjElzusbbaRaiQAYecMyzzdvVGC9eK7gPdUftNtot8N%2BE6CH%2FtQ2mYei6QvGAmJm9G4%2FtramjBwCZI9AwCV4mCTWQmXhaj%2F7IPtI7rA6O3%2FL4E0G04KCJtJRzVFwqNrU7ytKLA35CyMrpXQUt3%2FJvHupy5s1ITc7NlRPvorKrNyQBKaY%3D&nvMid=20381038035&catId=50000813
하이퀄리티 핸드메이드 울 더블 롱코트 오트밀,"220,200원",https://adcr.naver.com/adcr?x=95vxs1k1chbKjgEgXahncv///w==kK9IF/eK5byVaAHgbyhr4Y3COtHCr6dh4oJ79Oetdd34XhbmGIG0l2SYaMKDXIn4b32Zt+pjea3mi+YvC/ddAI+BeD5HdYsrfgQpn9ftPUCTKNhTZCTiSPe8ngbyeVaNmxoWEGbbsLaQnsqJk2bYI3aPcXsoRlXhpY8sPtoiZYL0wAgI1+8D5kYL9QcD+wfGepg8UK38flVqOUbV0oNz0WY8J7ivilzPkPU339FftD2c3t98Cen0zdgnc1naX4WWEaLfNzH5iXFhBy6N/Wsd8dSOYJibnirSRqb4cTZpJiZaOCrgutpH0KWuW2b4CvwxOE+CrDhdnXV09VVkJg3yYL2loxdgz2kVIiQY9NMd0R0LHzFsKElz0RFcRO8n0UPd/MBUZL6vT+fhZsbUig4XKayvjGDaaburHkHqxvy2LTLQVQvKxMFdJRWChQs2tw50EOhWwuSJA9PLsVbN8n/RLa9CRtFr9H2yxfqJbZYOCnvIsdJMjjMtL9+43qg3sizqWDzoh+O5FOn4ANUEfSlbcLB2FOMTxkrWZ9I3/AAKAXqjbfOMLHRUp+nTb/A1ptgIqnCRACYCd/5emeHdqJtU9UXpQTxF7goW5cJWM+CO0PGwuMIuGBRYDfvRj7aTM2VMv7b7vtfJi0z3i0jSqEEVjBlSb+TIuT6rrKseja+HzJIOYhnEwbHDBh2tHhfOdRcFdqmdMBqVx7FG/kyTzkz3H91wPgfPJq5Hj5beiKq0HPkjwQYL/k4I71AVB/M0nz8xrAdqoeHd88i0/99K+SZbkX4F/07m6hGN74K71MJ5sqNc=
핸드메이드 울 스트레이드핏 롱코트 아몬드컬러,"195,600원",https://adcr.naver.com/adcr?x=v9aOTLSSXFFle7CZDsqfr////w==kBBdAORuO5m/ZMqEV+4Yk1+BFQVMLY8monD3npWI5+R6ezhXB9IiavNZvkYdoD8ZiDMrDMITeZE8FRWLhaGz+V1asUXrE6wKvwJWE2zj7k0MpQgi09pzzd9R+XEklAHoq6P/59tdAEyrtJnRhxIWedHwS8XkRnCp1WXxIBqC71dpsDTsdsMZlXBnQ+IyB6+OqloJ7Ontc+D/QLXrUzGcYbVi1+cWbW8Gliyo4IPLluwYYHybiaEolr3j0isc6wnmbFVvdqCDDOiSLjcsMOShFqGcJqFTwtaPndnZIgOiKXb0ZtaJu7EkHBe0q352uUsWEzqa1rQkbjqG5REoIAV7UHRt7wz8q4qkgD51rkj9mZvSVS+Rn8cHDRKfgzyHZtzme4Gy1i2TKfqWIfwWf19/y4tYQ1z0UqxqsNbhZ2zHnG1o63IgEatGLun2aq3RIwT8NfmQz5vw8Bos9O5u7g+z/9vmjCNcT1koLfjU3KxZqjz26wjPR9ivSQCgJxv5dxmnVuBNrT2jXSt1/TUmNHi6lViIqzCZLV0GXFMoVmwzdn76Umgyqc58rLq1Nikcen5Y/TfN/DePPUa8wtskfuPTGcSLJsGXb134bIDp7rmR0BsmR7MML4DzXyEMFzXfkWEsxQIBGpMLK/MeljjJW+Ya0dWaNxGFfTBEKgLrPuJ2JY8cRZbtGQhsDBAOJoTUq5br7rRDKVu2MyTUm2vkOg4uCU7Xc5RGtvBkJKfIIlst6YYK86TEJT/aV+JjXSx3oI9KesDOPQBKmORWDyi8YwP9zoJJ7mlZrRPjPAC/z1CUuM7k=
(울90%)앤느 나그랑 롱 핸드메이드 코트,"148,000원",https://adcr.naver.com/adcr?x=2pc1bxknO9XGRNExyjqxJf///w==kqRnhogCtFG9bAMVWNWU/8Ve2hmQKFF3MYdkfVOGBG+HOK8xB3rMCMTUL7tSeOXgpR7UOHDSFM42z+2A7MM0Bps/fl7gB+QFDg+BruvgNbdux9E2VNUS63d1UGcE2eDZundZEC3idZ8aDNfw/zUGKgV40XRBUegudu8IPh/R8Lw5w66B9FEyut5shDPvtFUmWe99MEc5RBn+EXPjJkrwj2GaWtICWMnIdzTbwZfxsk3ISFK5KxcQxsD/Xn/TCq9TA5nWZGSwn3g+68D0m/apV/w2icvVi9JDEU2sh/qcnnOe3rfdlk31tcSAHkMfUXpuGz8XToxmxYe1QyVmvHArjSLdB50QNUkxs9BmIJ+8JUg2WifK+fxxbg+ON3xFrRthrA/pfi6NJN9YsqAM25NHvlxdMZMIqPjCWMr7XlBakqShYDBvta0A+xw3iQLNIhM3jtKe+wlvMvu69/ICwdEABv7JKkIBBhY+kmG+hMfTN7vMEx7n0Law7fkvWqNRn5NGcHsx/tkJ3qkapsRNdJ9s5+/dgQDQj2U04Cqr2lMYx8+bEfuW7AxdwHI1OdUygJnqxpGhRiD2/7aGe5KpoVIjqJdJq62sSCP0K+xRnCACM9AHEdANot99aVwoH5gE9OHW4c407ioJ0OhZzT49+ybhe7LZ+I9BoYaAVMTSkbzOvKrxXvUryKg/yckP/aKLtRi+MGaNnLmh9SD5rTtLmN5ZDaw==
올젠 2020 가을신상 스탠카라 싱글 맥코트 ZPA3CG1502-YS,"49,140원",https://cr.shopping.naver.com/adcr.nhn?x=CFXJ76a8O3tKIXHPudXLZf%2F%2F%2Fw%3D%3DsbMirDA52ZIEm3g13DIzcLGIoCfj4IYt5xK7geNgx%2FfIesI%2BFdcFeZstXwZwr4XXdxWB1TJxc16ZBi06rF7KRWM6mNQY%2BUbtVKTiSxEv6V%2FfBghKG9%2B97x8yRFYjRaCTlpzu2X%2BLsKjXgQhx2pk1fQIBsJjzV%2F3vl5Lmd9HbkUGKmuJVM1QU1cDigHCsm0Q2kCPxjWTmG%2FAzRi0Ca9xKaN3hELz6uAQP%2F7fmfBxLAbMW%2FcuW3HTQa25bZgrOwSdY%2BvHqZq%2BCVtmDNYbX8XjrOsKLj%2BvSXPWhKT0BbyrMWxS%2Bk6v2w9jBqMGR4TTsgYaQnlII%2ByYYqWVu3SSXxcjEJdD3Rqw4XE32Pi%2B426s8AN5hQvCL0vjT7BDyew%2BppTYv%2B5JwJ5h7F8tReeVpD1PkoC5V89iNUs%2F8lrd6nsrDH719LXcv9Az4Jm6rquko58j6Dh7X%2FLZxvgJcqRw9jxlMBbBv%2B9IFQ4Eh2UVPWieneMVjdKXHfRszcs8R2Sws2OsxAJsW9pFgbA9Z59FEJSRV551oEa9S8tQ1LG0velqPbV8O0SQ7jXwge%2BsKePVGbqrrulo89yyVy8%2BQCXvADfOLbJxLPHBVE1X9hF6ZkrnPWwIRfi3PnEhBSWIgIw9fvqQON9matZHTNLfFpxgqeJ3EXA8cgIRCk8vtGb7Z%2FKGMSEdE%3D&nvMid=24046390598&catId=50000839
쉬즈미스 노카라 핸드메이드 울 코트 SWHCTJ41050,"68,710원",https://cr.shopping.naver.com/adcr.nhn?x=D2tOxuzCNsd1rrbkZaF24P%2F%2F%2Fw%3D%3DstG54Cz70zysDmjCpAgScM%2B52y%2BH0AQb8c68RFP8KIG0esI%2BFdcFeZstXwZwr4XXdDx3H3mFAfCbu%2FhVvupjsHc6mNQY%2BUbtVKTiSxEv6V%2FfBghKG9%2B97x8yRFYjRaCTlpzu2X%2BLsKjXgQhx2pk1fQIBsJjzV%2F3vl5Lmd9HbkUGKmuJVM1QU1cDigHCsm0Q2kINwBuVlC4SPzpBe6dsTKjIgGaghBTUoVPkxrVIA6Tay%2FcuW3HTQa25bZgrOwSdY%2BvHqZq%2BCVtmDNYbX8XjrOsKLj%2BvSXPWhKT0BbyrMWxS%2Bk6v2w9jBqMGR4TTsgYaQnlII%2ByYYqWVu3SSXxcjEJdHaCjawaKCKxuZWbEMzBcfhQvCL0vjT7BDyew%2BppTYv%2B%2Bbu%2BLDfu774B%2FRg%2BRnPvythe5INjLbWUsIzHYkMwNw9LXcv9Az4Jm6rquko58j6DyxzELhaDyC6Ixqw5LZkV8qH%2FUNyjjxogrT29jW34LTD0VrfPBr6vm%2FpoId8WW%2B38tNa3tQ8Y8iKkmP94GinmmblVVhHZIV3dhnWfDEieM8oiDtnpJS%2FxcYE2Apus0kOriA3%2FU2AzguC84AnoS7Lq%2BcuREWE8AW0FfhPY4bNozwqeHyiqM4h9OLEcEA8P8ALLVoWd0jB03C5aYq3HUc1IKtSSLJQZncWk8e8Ttfjz6Fs%3D&nvMid=24217944379&catId=50000813
핸드메이드 캐시미어 드레이핑 롱코트 우드카키,"294,000원",https://adcr.naver.com/adcr?x=1Ihvk1gnflTD0+1S/PR/e////w==kYGPiqk5SjrekEIlwRv3lZw/hn79PyQlgdAJ8Mq3RGfNKKres67Ib9HG2z53vx+ATJ59lb/JL6lludThjRHWrGLaA6GTIfN2/s8qnVcOXqI8cRgVj+B74xIEa4iimVbSJ9h5Bltp0vivHbtVrg2/z0gU+V0PNgFTU8mTC1Ksp0L1Cu4CcJ+v8xvTXo6WnnptakRfcTObTN9ReN3PRRW0b3ZaskiBSWUZFo8RZtFo03D+/JEx9gpZ7xhpPbF3phn2sHAAYiev1K7SNniuXxVwF7Ip64ztcCi6y2pfPbvdsxrVbwXUOttr8cKpiCpX81cpNdXsRSTHEw0Xpf6+cPUbpC/PCbI5ys3v4vlEOMFoueLHmJqaL3yRXZ0ouN+EtxwohfB+HG4em6scU+r9cMGcuJVPw5LHIoB8LCgD0uNJjTpmq+LDm9wF6AzzFaC7jJzH1ByaMmY1YT//4E5f4F5KVlEP03/S6uRJsCSVS6lADhdO28zv0QSyvHC50gDe1tLiy5Q4CkVLzgzxNLGMj26K+bKGC9EZu7m8qjbW0kkcw8/k7mbH5Gpmob78v3zGRIbOjXXqc+JmSSyl83moKCHn2frIfCOLr/EH67ixJKcocS8EKTtmfhSWGOVVT8fesap8yHA04Z7wOQ7i5yQhaVgE6hFmSI1wXW6zaujqeAfdcquokVmEb/uwJcqG/NO/SM412Gpr4q3Ce2GYoRtcBhHfA9txt6snhlTw2AB7jxmaXumJHk9dXC3DvTH2ibMuVPKxMqosxtVoP5+WKxtT90NGZOfuRbPWAkFQqdzDXTr/iLz4=
코일트 헤링본 가을 모직 코트,"99,800원",https://adcr.naver.com/adcr?x=+HhJ6SxIf/WWR+FQBZBej////w==k6h+/054CP2kHO2z8Q/R/RlqLUPBVyUXJemKQWqFWs6B8NROC5xXBPhS06udEcgxXZ9bFL6hyEt7j9RFZ4oKp09Ma9vlmAorhHAfMvLSy0eh133W2ucyQ1/m+obyoazqFjGQMhx+YJiYqO2gdXABH8Kca2leGVAulVB915lN9d8VzL9xPjT5Ptm15w0PrS1+BcEpQ56ceOG0nsg5EtMcg+P1dqG+MnOR8/rU+TAEFJhNbeSbjN6F2uOI/s3HlQ27b+NU+WEkkFQtLTdEK4fAXNKRI2fYkIS88OSqqq4MZf8NHPKpXs58sgxq2tBWW5LhAWObsQWJla7eLToDUhFpMY2NiW8IfBSmyCPxIB21O3ml7nbbXRmvurAEuwzYXnIWLXVdzDI3W2vH49Nyk1Yxt/Rg6EtlxOz+e9PybuNahPjZQLjKNkI9x3J2Ap6uzTEJ2IDNxCGEL4EgwE/Y1nNe4gYvsihVYlCnlZLd9HnfsvtyaH7DxZU65unLFj9fV60sb5Mv0YFlBFYTNVxbkyk/V6wCzVCNhgtXR6nZsg86elDJHsIRxDz1VT7l1+Ig6fvychER0tEJ35dt1RW0saTO7mSQ/Yi8t7IkSGkhMFi0HCz1TrwEZR6eSEwLdoxYx8JlaEqkvrGNGDMk//jv/6Cm+hy6iaDqYrrLwwQSW79ZcMObLQtwPD7TDTHfDNPlNM+JNrJcVETQ6a1oMTJm+89aPmTf0HFRJrkB7XSOF7oAQMsHhleyv1JDRay6+qeeJwyq0ucZczJZtrgWF46xucHw9kfker1CYjZK1ZRzC8ot6RIE=
오버핏 박시 더블 롱코트,"77,000원",https://adcr.naver.com/adcr?x=bVE8RM9OBOMZ3p8tObSAcf///w==kHwPVIzukeSHDRowjcrLL3kVU+QnRn8/sxuRjQBuMA9QiCTAqJHyPHniYEDXoewczIUH6PTfhgZvHDm4zL0gzuwnNFUZXl15YO6andBCXsPmIVC4h8tA4XefrhfC2YjHileJaymNsM6Dfjonm805gQCpgJsRgCniyYIs+fSqcbYkd/1JFCnyJPJxrCkHgbWSg4vQYCWAYXD92Hck0Edt+nYgKpCZ+YPvurFPm/CB5nNvdHwk04Gr+3QOso7lxzF/2vykdfMaAOezfsp6I6INuFiOVooibWCts3RaJcTIxE6uU+6La/HFMjpUKB8ZebUScBEkSWEbq/HnurMa+P4UC9GDAOYr94m/ia/EslHB5YtuYVwIQVhK8kJ5sEffRklrYPN6dh7tXHo+P/Fml0rwdT38fp1USaTI+iZC9D2irHiCfvfa2d2PsKWBV1yHh4qsPJge0DctKB+YBoHidZjz4MSlAPHub7YsgvmQVGTk4hAjBRqSQKTzp7eZNm5A1a97Q+xdJ3NCxTDCJzzBJhKcSP9cg5r1bIVaino5a3eB8mQyml2OqIIDXx3N0P0ve9DBclqcC8wCc1rcC3YHVD7ciDbLN6e/SvrhejSS8kftnI/LdNanoulX7gVvHIXkK3nvlVO21Tzfw9bshHo0MDf1fZyYWX0Tb4Ror9hXlBJpjH8XqwaxOEqDcYvSkD4yOR+dXkCHVB8fHcXV9R9ukJrEJi69K+SVyv4zb1zZscJnpWKh9jCohXXpDBQPsft6vH2mVsTOIC4jxSuUoRMMydBmnNIgyaHt+CwgT34Pie7hWSzY=
랩 전략 울혼방 핸드메이드 더블코트 AK4WTE60,"63,070원",https://cr.shopping.naver.com/adcr.nhn?x=9TgQRaBHmN4adMuwjoAkhv%2F%2F%2Fw%3D%3Ds3F%2BKCfgeZoPnoO%2Fwv2T8DJpRuZ4MA48XYA8ILLfSb38esI%2BFdcFeZstXwZwr4XXd3AHXPclJQ172dkd8CpGse4YElhNqBQ7VegQLwXTT%2BwlGdxSe9p%2F55ohLAiOluSL3woMf6P2tKO%2F1UFY1tg%2BInYBsJjzV%2F3vl5Lmd9HbkUGKmuJVM1QU1cDigHCsm0Q2kaMUpPP2Lj1dc4tztOnJPzu6n9K8AikFUxmUyR2o%2FKNm%2FcuW3HTQa25bZgrOwSdY%2BvHqZq%2BCVtmDNYbX8XjrOsKLj%2BvSXPWhKT0BbyrMWxS%2Bk6v2w9jBqMGR4TTsgYaQnlII%2ByYYqWVu3SSXxcjEJdCvZweI5LzskB1JQlLj0zYVQvCL0vjT7BDyew%2BppTYv%2B%2Bbu%2BLDfu774B%2FRg%2BRnPvyhVd1JVXizLQzjUbAMxxLIhLXcv9Az4Jm6rquko58j6DlBqdtFf0MXs6YPb5haC83ajv5RzpXQj5PVqUUpmYjhmpMH21ak9mnQXmNhS%2FTYyNbcZm1fvr6iyhCQHmWCEyacdXUOq6NHocEgnRfSeQ%2Fr0bPecfSjKAMXGxBLGbAthBEZblBLm70Em8AXAWvGHI1F%2BRjX03K%2FLmvWEUSD9WoBB81cG9esk9e%2FTEAmelBrUaIFJC591gV%2BM%2F%2FCH7tH7t3h0cjwVm1BUYVknE7IEMpz4%3D&nvMid=20959189447&catId=50000813
쉬즈미스 NC05 울 캐시미어 핸드메이드 SWHCTJ41030,"88,670원",https://cr.shopping.naver.com/adcr.nhn?x=R9qhHmlPRhcN45yZVxlac%2F%2F%2F%2Fw%3D%3DsgnnNRtt%2Bho%2FCVz%2FGc99VpH8GHVSmBYr3ZGjNQQuE6jcesI%2BFdcFeZstXwZwr4XXdZhR07a%2BLyS5Bd5xxc42dJYYElhNqBQ7VegQLwXTT%2BwlGdxSe9p%2F55ohLAiOluSL3woMf6P2tKO%2F1UFY1tg%2BInYBsJjzV%2F3vl5Lmd9HbkUGKmuJVM1QU1cDigHCsm0Q2kT9BeAcrYnkQC%2FN%2B3WDFrZTWKfd88xiqBEdlIImzn9Si%2FcuW3HTQa25bZgrOwSdY%2BvHqZq%2BCVtmDNYbX8XjrOsKLj%2BvSXPWhKT0BbyrMWxS%2Bk6v2w9jBqMGR4TTsgYaQnlII%2ByYYqWVu3SSXxcjEJdB4afngN3tH3RX9%2BUz99VX9QvCL0vjT7BDyew%2BppTYv%2B%2Bbu%2BLDfu774B%2FRg%2BRnPvylgMMaLQltP9HvC9Or2u3zpLXcv9Az4Jm6rquko58j6DpA3m9RVwK9hB1WK2fyCx%2BEovvu%2FpoDt3%2By7vl0bfVh%2F2Zg0Jd8kkWFDRD0h%2F0PzQ%2FC6u2dzn%2BNDVlszCR30xikZ2gS854PzBka6i4sfP0xRX11JadruSCSCgn%2FDEV%2BsBDWrhHEcp0p%2F%2FKKziu53PdFWmr4KkUyvw7x4j%2F8Od%2FG3H8ePEmy3Gc62JXkefoFm0A35CyMrpXQUt3%2FJvHupy5s1ITc7NlRPvorKrNyQBKaY%3D&nvMid=21337086920&catId=50000813
[디스코제이] No.11532 테일러 맥시 루즈 더블코트 (2col),"84,600원",https://adcr.naver.com/adcr?x=foAP0tj4QAtAqV6IzhkQtv///w==kjHv8kvj9yEGovl61k0JrkGNi7GpPVLSR7OJO/miq5enVVE3gmQ/3Hnbf8BfjBCcVy+Hy4xFGR9JcZaKgXdPVkykBxSpudBBIc+3KNqqjbHNkDtevVI4Kc6YNhl7qwv5vQLcHF2fp3IeTFwxLjxqvAhQcS4jPbxKznzPdncjSaz8RmQAkl+tx+jeklhAITl69uxf1gA4VbIzCiR4nFpflrZhyb3L1vs0dwxbJg2uizB5SctQ9P+5Pa2rCXk5Tc1hZn3OjydDg2D5JJumoheP6CeQCMPciVuRjVyd9RLPLwam8vFwX0OeuyUj3/BluzWoLaU+gQiBmp02etT0LD8kyxoP3ki88NLBx30f3EkKiOP/EQLnnuxyYOTBcALt+0uex3+Ao6EW1FMh6Nokn/ksmpcASrttbx60hMhUb4ceshTIZYr59/AClnZUQ/MPoYwcUY7j4Rf0ySxZPtZ0IJekugfuShIpSOAxMp4qF5PVMFl3aVlyWADD8t174fwEwc5I8UUjxsliDhQYIUpVCm64hy12krGQGH7+kUkDfMINabA6aLpnjJJD3SAuMKbBBml+a04Sfi4V9O8VtXdVx1sS7//cEMZtslgQ0Mks3Xwn/iW1tIwJatZsU7a0WuJwLau4UWdrAIK/6DhxKSTvtag3Z/p85NX4zp2hAK/ALI2MkIh5EQ3E9SSqLLPEQtcn5BdLSosVndbib5mMnJJ/4uZRV7IOxpoH3tQsz41xuFTzWa1+k+brySeO04liF5xGZ2ygWGj7RvGGrHpJjvhwrIqrFfw==
데이 트렌치 코트,"59,000원",https://adcr.naver.com/adcr?x=PQ70s0A1qtz7S8jASnQiX////w==kHfuv0jP4p71sm7ey5uhCgq0lZTusQc1tKyOC4IdZmZyfvdrAN+0Kc4NVLgrs5R2O7cliGrve5pRPxtmuZgL0UV+KNxbDO6uHG/9CZ87RCW+Na1uriuVQ5qC5jmvOprR9Nw9d3HxR5ngXlKik2WnnlYdyMImTumjnMK/Sf0HUtWN2Y32RH+cuXlGQ6Njx3yQVGAkTrSgQmdl39bya2KMvUWSN4aaUXkr/ikqOuDo70F+3t2Fb9DJuP1rDOz8/v2VprrmyNZLNJeoA1afFtbql/PWJGM7juhJe49SgBoIEEaPqGZp1WIdNIKbxi4AkXUy2Pzs7A67c4xH3Vo04LK/zROeu8povWmZUucp6SaQt4Hh/A7GrZq7/sRW2u5CsKe0RyxKy7hzE1MATqQKwRVIn5YdfOaT4dA4x0qXPehbADXW6C+YinUUru10lH0bM9JoFTCIn+Ds26dti0lJa8LuHzGEYW68SdrYzLefWBxrnpq0+uhQ0pkLB9zsOC76IDiqh8ufiE4QmhkQeTxW1agbETQkDIvxdC845BXqvK8raSAxEVtE4r+moSjXx2S34GPfMbMoq/Uve+QfqKo3Vk1d1l/MyL0t3SljI7DzMVECY02DVGzbZ/hUIFkGy7tHy6kOYPZ8YOHeCJRRwYsEqteSSiYBkkeT4p+W2CgESjJE22jut4f+vy6wO5QDMfHGA/PhI98eLoQzbw1vy4iD4KKNFSH8Iq+9lF8RMeFIgFw5hKDN6+y0lKq26dUtsZH5vW/h1jtZHz39iYoQuqughSNrIhxkBohMwHWOOORUuo7jk03TY+VtOa+OeV50XqRzsBf4SR/BdzXCVKnpDgzwdRt7UYRI2E58kOihZPVYbPtYjSNI=
여자 트렌치코트 코디 스티치 가을 오피스룩,"73,000원",https://adcr.naver.com/adcr?x=/pibGcyKEy8Nmm4JVPbD5P///w==kW2VkRlSWz/kcXNWUxb1pn2fGYkw66++JvhKHnuXppiznS4qAEjNuigakgs+FPATntnyQwNAQYr368jckiMHPiiFthOLjXqRaB9hxMWLQSCLoyDCAjmYubtT6ebVeJQr+XIx4UjPknpjX87jXD75hPLsWBCbZFDmCI1CjI9uJ+FZA5rcvInUzYI+G14sQ59oC2VLl2OCiI3ajl3qovnWD8W9nHicwYKNzlg8SO4J+SOZ1s9k+O4dGCns/O705F968NPyjR7d7wlIonBjTJ+FhWTwVbGk2KpjMZBgz371tBADOH5/Bjfc+H2dKNe94W8RAcmrqU4B5mcNvfKWZmQFBRa4y88Ewg0ag8EGf4Eav2fFAsy16Vp8ZILuCGzkXiijhtnvHNDNnqtS7wZMtkx77JBAC7W+AYB1MPwWbj2LJ3VIKDJGcYD0CHYm6qITD1TXENTjnDvj+Q+2sJZERIhT+d6M6zpZlkgciGzb3abXzpTtTduHTq4wEW7+vdCKSS6Zaefy5pHfYdxwV04nlQMjwJhg5tQqdNHk79f4aoF75njf0v740U2+8V3mGsROLHwmfcA06E9TMoMf5nBw5fL6yxeIwZ0H0w9w/Z6sGGgBT+l1t0swVyuq6fVFxGRdXhORVVYaAvr8PrL56LjlxF63rsVcgEy4El0Z/ofZoq9ozsYuIPzsVBsUgmydzcMkxyzHhbITT/gDw2ZJaruM1aM8jKjBlsdww9YOxBceV6KjJ6aei86MQAcljkjhh/tG3r9m6
앤드지by지오지아 20F W 더블 트렌치코트 BZA3CB1101BEBK,"82,450원",https://cr.shopping.naver.com/adcr.nhn?x=zXxa%2BfV6%2BqkxkdxioNCWqf%2F%2F%2Fw%3D%3DstK8%2B%2FBgw8WVzFQrBQrsM8TZyBP3hAmb2WQKOhMAugzYesI%2BFdcFeZstXwZwr4XXdoMEnB4cLN%2FTgIQ0FfLbpEtpEx1njf4%2FqKq1e6TUmvPQtGEECNIYVJaOQth%2FgsRxzRMh7Ke48BS%2FE%2BxhTGUdLoYBsJjzV%2F3vl5Lmd9HbkUGKmuJVM1QU1cDigHCsm0Q2k09TZV%2Fquyyj6qEuNZlr3XXc2etHLYg93kW7s6%2B1EUAe%2FcuW3HTQa25bZgrOwSdY%2BvHqZq%2BCVtmDNYbX8XjrOsKLj%2BvSXPWhKT0BbyrMWxS%2Bk6v2w9jBqMGR4TTsgYaQnlII%2ByYYqWVu3SSXxcjEJdHhKh3xpRczrKvZbYtz6CwNQvCL0vjT7BDyew%2BppTYv%2B5JwJ5h7F8tReeVpD1PkoC3BzmhGC5jgNt4eBs9wkcBhLXcv9Az4Jm6rquko58j6D1a8RPlBxVK3pFyCM3P6dIDeaRMwnM7zpJTISEwVRvetNOtPJFpTP9GOqraxwjXbYWWm51Fi5zzmfW5MiJASfXohHeFVpezMWdiH2%2BEZhvVkAKZYh9XZOC94iquPld%2BMrX28hLcD8P3E5gRJttZF6lk%2FAJcUmJF2ix%2Feizcr9afVqX3emy3ESJa%2BwJSq71iR7M4Z8B%2FKeEJUAG%2FANVdDbgfOnrjhZamMRlt8bZs%2B%2BsbENUJgJp6CUXauCvW7Y5AjN&nvMid=24089855958&catId=50000839
라인 빅 카라 핸드메이드 울 코트 NHHCJK08,"103,170원",https://cr.shopping.naver.com/adcr.nhn?x=oyYHwKYjdIf2yHDl%2B9iTo%2F%2F%2F%2Fw%3D%3Ds2Gosg2XIFloyof4uuaOX3GzwGmQuOktQDcRQ24VQYOkesI%2BFdcFeZstXwZwr4XXdSqhSk0cD04mYrCaZVevK7dpEx1njf4%2FqKq1e6TUmvPQtGEECNIYVJaOQth%2FgsRxzRMh7Ke48BS%2FE%2BxhTGUdLoYBsJjzV%2F3vl5Lmd9HbkUGKmuJVM1QU1cDigHCsm0Q2kKpT8hbIptW9xCLgCCxKwsBssNPqalyoii18booOvKuO%2FcuW3HTQa25bZgrOwSdY%2BvHqZq%2BCVtmDNYbX8XjrOsKLj%2BvSXPWhKT0BbyrMWxS%2Bk6v2w9jBqMGR4TTsgYaQnlII%2ByYYqWVu3SSXxcjEJdEfJqLJCiI2nXioZ8ndwloRQvCL0vjT7BDyew%2BppTYv%2B%2Bbu%2BLDfu774B%2FRg%2BRnPvyoLxI5J4ImG3nlLrVcie%2BJpLXcv9Az4Jm6rquko58j6DUYBM1XgHT%2FLxGe29BaHSrxjcrbPXiSSEl6kHwHWy6zP5t%2FxCw3FAwgiUeyCMFvWddBe4uZ4Qxz76%2BEEDmSMBfHzcA6Qp40b07y0KH1IKR1bdPbU7N0O4%2BCGoRmdAZ4avYnHIcETcJifOE8sb44IMxXnrBGspVXmP9xzMUfD6Rh53wUGUDdFdMPTIjm%2BaZdyXV3OdHgSE8LoEjTx9zpNPbFaRsOtQUnaEEbxBoHxZXOc%3D&nvMid=21067881586&catId=50000813
AM 니콜슨더블롱코트,"95,500원",https://adcr.naver.com/adcr?x=8AkUXM0cuqZnFllnok1Kuv///w==k9qj5CpRQs8OY73f0qX+UkCpdTN6hacWk+8vR483ynwL++36JwD+TBwYxSU+31sPg/Zal8S6LekRi8PplvXo0msacqt2+3r/oICG3NNokpl49JG0Fz+c887wsOIQOwLPyUenyuQAUGWpch2yZk/0Yy6r+5AnJTnqlDGxvNB5XV/zBzM1+JZ9zROdfCbDQBgUvhLD9iil3LXgFJmYi4v2812k93QWCpZwzPv0H31hKXsWr75LTqKl+HcTht0gPZIZCGX5Bnv7uJ9d/DOLabtxZxF0VFUgq7H+/gKLs3oVo4Pao0aeiS8rnJLZ9q+foqj9lWEYL4NnAwLRm6Q919JrLm8RSDNJ3qt7hwFEdJjfylUaKbti1VnmVje19MyuSHEe8rymbTJSySCwUZLfgVKaDRJ1+l7T6WfaUX08TMRL8yYqxrimEZ5VsIKHdD/OZQBwaw0Fy+sio2VWw2/jLTEUkzSrKzKTGlW5/ZpW7FLf/jJf+m8cyMujuBPWcxYS2k6pPEyqpldwbyouyGeKM/0d1FEP+cA3CKWrSOZ0MP8WVC8GmfPsVNwVGlqzHiyhElleiXhwYdBqMwFTpEWD1tKm3ac/MwBv+EtudpYXLVIe31yqd0nydEOnG7mqgueUkZyJZN46G/Fz8OOt3Pf16aiJT8tlx4/aM6+hOdTh8fJlEoPLXRyT1vXTMNAQfwPeDyXFwi91zBBSy7aHsYw8hgEMW3Q==
[리버빅] 남자 오버핏 클래식 롱 바바리 트렌치 코트,"127,500원",https://adcr.naver.com/adcr?x=FstJBCPBAt1EWKbAcy3BdP///w==kwhOQNWl0Ey2BcmwiA720wepwVLMlOidNvbQS79z7zLcqckLfT+Jo1SQq9+ekHw7tE8zn8z/Jhk8sbc04ti2ty+YqjZzbmj4A/IP4jEED3jY8PpwPf+R+bkeTY2TtNuXJRNW6TjRFVhHHQkf9OWPb3+iEnV4iMS0ULVWx9KIGWqCc5/VYoRhmC5UxfzQjp+bOe4yP/Tv3KdUa8QtVhqYAmfAFvKxFBMVZZK1hrYlPso9k9CPYf0Td8PtbBjOipfTNI38AK7ldCuf1zYuSQE9VCjk6TycJlhZYha7eJcyUy+pwo0iGBtjDu2qb+hcbSjG3+cydjF+/V9ql+hW3mPl8JUmd91o0LnugxwyeJS6reghh3LKrgXWqLqYZXIFp/eWZfiCHmQsAmAqOHA5eU832I5arw+afk9P+hWnfd+j/tz0RqbcHSV5zjwJn12uBiySuUuE3XK2/D3Py3J4nx1tEhleltd0LhUpPJfrHU0m9sm3BwCU0z+tXKQwZIm2MgtAJjLBjdQOOW0diHb+qfZtNX0+bThl6qeR5i8BgqSmrA59TWFCBU4nPdu+VMs/JVD80UKaFqumGHDbse4E5qGBRdkCly97MsWD8uNvUQ4a3EmjkjlmRvIfYkPIlGu56bKnSF36wvislRkZ63R4f7Gm6BVgmC00vk3QFt5UJwqvHkJLdZVkkf6cmHrln9cLPCpjqyG17sKIxo7zOYjpvWLYDnkpEqYh1heN1CURVjbmgMjFLj0n1He7adM9FZaAS2VlBYeJn5no1ix8bFDKQKEFy0Nh0UNMvW8R5mtZjBagBP6QPyOBk/MgfovGw6nLAv9aN
[퍼스텝] 리벨리온 트렌치코트 2종 JUOT4273,"120,000원",https://adcr.naver.com/adcr?x=jmOmQuYvynzNGxdyCTt5Tf///w==kepfLE67jGYWXlzIyNyo1HXaVH9qXJbvjtMkZ3zmZVK+LdH3grHkgQEzfyjspaisGwRQa552yFfGL2RLn1Ffk0cAzbDCe61lRJpkKQJyVhLWZKCUrkVKBxfBy0mii0ZWozK+JeX6ijSdRREevB0VfOn7LabufZ8iv3K4d4klNpdsbWcXac8YiHdnqwfnmsSIQR+i3diGD43583WRkl9wcpMqnifUSdfMojxcfoO7IaaJCBBwsiY+6yE8OVrY0ZbFqDehMo4wUblpBqhOdC6clRg/CJcOuU4ivp1P8f7pmxBJBG2SEY6XSy94kKDwIescueocNgrO/YsYObOiYWUxorFM0jG2ssS48pGtJvVwN4H0yrczoJ5HJfyODt7xQQV32pVSp+3j5hNsGdcF2XYt5aAYzw9H9CT8iinTXG/tbmFzwG5if22OiMFxwZvcddxymSn0rgLoQvOkX/R8B1XVzSwHl9L0IYg2kZNYxOMn95KlALBF28KVNkIE7Pp4LR/8Me9A0XuyksZl6mVLgTRrc14Z0M0SJV3W3NVcLr2YFoLOtaTbuLtecW3hbRyDE4SK2AbINMh5bG+sydeUI9xXV+hZqyHcZW5ezPBsuJ+8ly9bWfnUgp44se39ouh+z+l8EO3B+OpC0syByzG5EKt9RK43Uk4RyGH6wzv+LRjX31yTdeEMC8B8HwipV/zajmggDCm3TWRMfVcPV1lomdXevzW2oWJJYF3P6JunYkiQC3kvQRlcL0kDfJeqkATM1Nsx9ML0OQiuWqMEaYqIbzAI7eAw0HQMTtMW2H4k+zitO61stehmXozMEkMklUOzCy26L
플라스틱아일랜드 더블 박시 트렌치코트 벨트 PL3WC881,"97,270원",https://cr.shopping.naver.com/adcr.nhn?x=q2JuhAZGrLImgLVjgLh16v%2F%2F%2Fw%3D%3Ds9Ng7k4QgjMhfUoWymytLHNA9GPwIIk09g%2B1mkcrkoIMzn3q7uyryrtEACJ1%2BDzPRXLx%2FhnYkuqrS8QwJnxDou0DGltnuoze6oyqo3CkuNpnU2oIRpf8LMnwEWFC1PHXAZ51b4zIIhzI2xYZuL9f9QD9rXyqENDUD8omnd%2BAEOivE1JfnQ64k%2FNZrCVNNWUrDm11Ff0yp1FDCLCOx87yDdctKoXXWN9V8bygwuDhhDFzZyd5XQ8V9uTq8I50A65f8n4O03wz4JiD6W3bekis5o2MjnQdnL9wtXZ1LI9BLQeEQhkkHXK4%2FmSRy5icYE%2F27%2FhDyiXZ86Jo%2BZEQ64BV62XodtrD9Yl3V9S0abQ91U%2BJkIptLkhleORsoGb3BUK6QMRSeMPNnOhi%2FSBXyuQ%2B%2FaEmxOUBWQ8Ufj6Kmt74tvM1KsaK6szvgRo5X5XC1HnWyk2RMI270inM7mb4fNtbofFmfv1ThnOAtsFl5EXSQVazGgGKhixB8JrXv04U7MDqI8jR8gVF8FlQ9pItE8Zzc8u7RRxuZoXSJ%2BCauSKwJ0FST27wQeehEHCpPCWI2z4I5PjDEoF0%2Flcl%2BE%2BMbIIRNbtaeprVSVfSrSHa%2FOpwpz3wHgw%2BkDXtAvsYgI8Kp9ctpy1Vhq%2FH77x9Zlr1IFzyuow%3D%3D&nvMid=23812593413&catId=50000813
오플 셀렙샵에디션 에코레더 트렌치,"38,070원",https://cr.shopping.naver.com/adcr.nhn?x=4VyrqAeYLYxG2I9ERvBML%2F%2F%2F%2Fw%3D%3DsFhPfuTkA4ntbnqXktiqNMUPMvhsI%2Ba%2Bo8p4%2FCMBotC5pr9CeOsJnA45eJlSnCphk1qoabUvMK%2FvQQ5D4cJKaeJUulurs3r%2FK76PWgKU0Qvj%2F09fknT8xGminMC%2F6vekLnPBPTBPCMFFWOAZGNW8f7sOmY27ZGze0Q%2BtXRlM4Oxu1NWg8rRueGBkBUQyr82CcNzi1GqT8JCmMpYm2X5EoITbs9vlJYGqw34wKhL4GXF8HU153Fy36vlrjilK76nJqMmPfl4J1KATZDNTH6FhgyDPDpGIrabitp2up06DaRfi54J8UO7LDGXdPU9Do8oyMXmq0wb8nQ9S1CNyVqQgAyOW6UKghVlZPQVkN0DTowBazaLo3YojXuQJMvdaZ%2BI%2FydBwLPwTzj1iO0HZRjk4yCQzRHPa76ehKqQXbs2jVq6KxyTNOpvF5JKAAUscSxRXprFY9kwY46rhpv6oNl0Htqq9ck8jZ%2BZfCx6d4bglwBTQCLyeLImaHPfV%2Fd2IO8yGYvPd2iR9ee%2F1ahW7gY38tV9XMbZ1mRlWVZuzpTkXaN6jVIsHUuIpfLyRgNz66bMcfT8AlxSYkXaLH96LNyv1p9QEjbpDKkD50pXnBIIbQu3VHTgPcXZ7%2Fivspfqi7IGwDZOlg6TLOkikytCe8u4xyyQ1QmAmnoJRdq4K9btjkCM0%3D&nvMid=20705528286&catId=50000813
트렘블 가을 싱글코트,"89,800원",https://adcr.naver.com/adcr?x=MEuJDQIAiXbuf13lO2/wi////w==kIk6h5R4QWgcGuBUDeLz5dp3wjO8WdaHq518LBR+e7PnwcG26iWAxG3JSpWxjiI3CnSFNQ300YONKqjF8K3997IFiZl879cAtaFby8nvke0WZLsuonBaiMc7+BmrKpl90Q3gPFG82FlVGP6wClN37/IKoYGpzqViFe0cjsHqcQO5v9tGy06KZPGSFYRBwZ+Fnr85y4evixm7SWYEqAF78Bw+uQvLsmkOiQ6op0Wk6RE0GG71l4d0RVskaOzne4VU9BhDbOrad/9kRfo+QsC9i4kDoaVPtfILhHhpYFa86lchNuNQHLTqsVXOifYuVJFY5s1k2CpGU0vB9V6ha7gVCtieVoPUuIGTEkdpgbUdISRbNd28tfTA4RizQehGJ6z3jCUgWEeU1XStQfwsJH/ZCDLBK6pgiyTzdBwCKZPwcs9LGZwdiIthkn1rCWNw6GUPFaHZMFhyayp46RaJ2weB2mLU3ETRRZJY+3g1Ln+Fso8arS5iRfZP0Q3s7AWlEjcTy+66/cioJN+XdU4DboZSzgpiT5D90eekF3XbxRPPBGqZs8csNlBPr6AzBffuKJfkLc/hR3uAOaxTpGwKa4RKxVjjKQ4RlqIOCNE769HpF/rh69SJxOifzPMvkaH1pNgJawq/E0GLyHtXK7j8VuLvigSbiSKX1oe9JEtEUm4U2LI7+91JjPgK+UeNq6535YYuvD8SJOAJQuzjLCOQ7CwBq4sj0jdUEPMz97vaw1k3jXcDX9uFDpVpwlSQWGgDPE3YmstJpyBxIZHSasno2vaXvwIcddSuR63hzB4Qe4vnWnmQGhmgjdRHj07zsNtaeBOLZUdtDlWJrQnA4ADTZQcj7v2cRXqeBAaVA9ZYIV8hLJq8=
[XXXXL제작상품]WF_SJ:버스트 싱글코트[빅사이즈],"60,000원",https://adcr.naver.com/adcr?x=Tx7thsccMhymIHYyDP9bNP///w==k5g+Umlf0yMF7XIq2sIlh1qXIxm1NceSoDYoxIRpeKiNV4/f2bPpn+yjS76qLF1Hm65W/EOKbrSDzNrLo7rD1ecj3iWdQag/+XPIgVX9bA1owu3oGXLMmPUb9h6eay5kP3LTTZEv3HWd+HgAOcMaPotMjYoB7+n8NDMPVUCvON38D8tjhZRbbWFvbgcS1sf0RDefMJSYFkFpN0GQ9xBiFlAfMU3as52JFqAV9Vr2bEU4sS2ZVvFke/3lxAcHecCoOQvsqYW37H2gBRjMLjBWOV7dTmWFdBaw3/Cvv/XYe5PAKrAeiTRTbuYDzgLogL+LKz1y5n5k+ylQ56LYcOPhcW0R0tIhFWJUOyuGq4gCBJfQwBTv9pF2emok3iXrEZHJ3G4aDmt2WF3AnQ4//aF+8zthAH62ORXp0fhs9dbb6H4cYQ8filL4KBCnXxOCCl8IjNvzdQuvSs7j1E5W8i2v7eA8oxSbksXD8Ij2Weg8oFYerjjvH25N3YgTjWWUzqfmCb1sOp2sCUIdiblx0BDVNGBSR4AdWymNdG9eiLQUOXzkDnI7UkPLIUodrdrPFFOXKyQAQ51D3mEZnYW8++T+SMeCTwGCNBeUbA2BRMXwQG9om5EdxxRPh305TCJdIyDAwWnDcoo4Y9InR6PC2WXlruOJHclwZbjbJbhqAPLk7CCQiwci2fWkhG1eNWleXlSeRdGJMimJdYTHUsrCYKd12MnC7hbfRUXkx+G1HbY9h9uVX1DY0kzLgGG6tS6nwfJ2jyOG2SZZP4NbOTKv/EdPKIR2ZdEqq1yf7B+phQ0NteFX9c7htdzV/xdBX0KiMfE/v
No.7733 L double COAT,"113,050원",https://adcr.naver.com/adcr?x=VgpVdS8JGPFLKc7f1N+8ff///w==kYaCjZi+N4gX5fJqBNY3okpHibgwuNkkFZtrGN+/10wht584rdVmItd6bh1bgDNGoDyS+ESO8H++YdK7VFRH3mo3RuXmYpFKHuTowWgVQoy76bFEHTYDLlxy/9k3Y9C5CZYT3hTLqJyL2xtC3TEwjwYAYj9pSm7xmEJay7/AZwDy0Ng3nAN4aAeLD5y/OH8Rdjr+spSywMkCrCqRoRlb3V1hwrq0mpQVHcRM4xF6aKiHCGZqxCS614dKs/7hn0QY1xeX+xiA8kwXrwQv+lJ5TafvNg01L+YvkY8uLKNIeGoTOTBRN1UD7GMHUC/tJvDagwYvIC2ziS7khKRhWNZmnnVl2LggrIgr5r/zK1DN8DQJOodACl+wQgWdcFis+A8Dtjnyhs5DdX/Jti5pRR4ohaG+PXDnb41cgxqZ3fTY16ux6WfFiNPk7Sul1r5+VP8XLcBwjPE+OBQHnIEXNCM5nMq4Pv0/Zv8StA1DchDXTBbBLZ0goxbiyx6FG/dgSuLr1Dv59H6cd/ebohSlxeG0kGJTDHwp0+bY6tgCzFWALuXDcAg6lHPWfjL0QB/fIhvvA+T/aWFTqlQdNn9CKCr2cPqnvpVHjb1/8ZXCOLAuovuA2RZUJw8KkNBaDElJfKXKwCipSYAl87KWoK7ojnfyN9+xJ7A/BJQ3Ry1p5PorCoTZCE+bjOwZdN+nvm7PBn/O4LovGyawdh7tYzrfulAm3+FfslbSfFZ3LTZTSsyUC31GY6V50ZTd3pqOKo/zBfAJ9qK8+iOXGOzHnhiF4alTIsdYry/QHEFoahQleSTYGlpDGuaBhVkygsyNF7zcc8aJialbIDzf1bNv0sK5vb3gG8A==
시슬리 이중카라 트렌치코트 SACTF1011,"185,010원",https://cr.shopping.naver.com/adcr.nhn?x=33E1G4Kl9ne1LCyJhZ1%2Bgv%2F%2F%2Fw%3D%3DsIufO25brfBgDSNwC0VXahw6uvx3jCo9E5BxNMOyXa6kesI%2BFdcFeZstXwZwr4XXd%2B0Qi%2FTZOg0cxL6Fs2LJm6MlgnDvNbHkrHM4DtvF4B89WUrJ13GBKzgYD3JB1hlTzDx2%2F5UGITcuSyuE4c%2FpWEIBsJjzV%2F3vl5Lmd9HbkUGKmuJVM1QU1cDigHCsm0Q2kYPgld6XhY%2BCLI9OrVJcMkb9q%2BVt%2BmeglgRbT6IftTs%2B%2FcuW3HTQa25bZgrOwSdY%2BvHqZq%2BCVtmDNYbX8XjrOsKLj%2BvSXPWhKT0BbyrMWxS%2Bk6v2w9jBqMGR4TTsgYaQnlII%2ByYYqWVu3SSXxcjEJdIOl4nsFcDEGRlGF%2B4DErrJQvCL0vjT7BDyew%2BppTYv%2B%2Bbu%2BLDfu774B%2FRg%2BRnPvynmmFn%2BePjW9NzjmusZiL%2BZLXcv9Az4Jm6rquko58j6Du5rrA03NjgJfcCFUPzL2aSOifSSmfnLuk0EG0YXlzyzswS2Kv4h9ZeskTeiIZdQGx1dQ6ro0ehwSCdF9J5D%2BvUMrPR74GinCpqQRu5ZMOXeMYxyxPmxRzAc6cxgDwrqFukqbg6aKAth9ds31PzJyofuf%2F%2Bw7bhi77mp5QIpuW09X8e1xERMFfovBZ3JvFG3MgqgOvq6z5EpEI5N2xav1Mg%3D%3D&nvMid=22049124800&catId=50000813
빈폴레이디스 네이비 A라인 크롭트 트렌치 코트 BF033TC02R LE1204900798,"159,690원",https://cr.shopping.naver.com/adcr.nhn?x=2mPVJ4WSQc762XTpXXbrCf%2F%2F%2Fw%3D%3DsE8t8OKPcDMQDFa58fD1SykpR4SyeUywKvb8kBUMngb5pr9CeOsJnA45eJlSnCphkduhjKFyl%2F%2FWmR%2BmRGYhVrdU8BWTvHycaIGQ%2Fo5%2BGxjFF9lz1bV6aH8cIK9cHmU1H4pjje00DOvT%2B8RjCJ6tMpMOmY27ZGze0Q%2BtXRlM4Oxu1NWg8rRueGBkBUQyr82Cc3gsAmpPcXAqfEDwFAMsyCjd19%2FdOqGd3XehNFSzNfSIHU153Fy36vlrjilK76nJqMmPfl4J1KATZDNTH6FhgyDPDpGIrabitp2up06DaRfi54J8UO7LDGXdPU9Do8oyMXmq0wb8nQ9S1CNyVqQgAyDJH6kAi56zzfs2R2EjK07%2BzaLo3YojXuQJMvdaZ%2BI%2FydBwLPwTzj1iO0HZRjk4yCSXIGk13AbR7bK6nvPyLt6KxyTNOpvF5JKAAUscSxRXpSWJc7nLF%2F7H4O53dFsONEU7pU2poYU6742wRaMd5wX3zD6nxAhHewHnbFjO58ZsB%2BO4dccE%2FfuewzChcnxvYS15q6VdMYIXowH3LGhBg9tcAuAxrwpUSnCK6Boq6FZ%2FgxYH3iJ2OWwv1vtw76iACCHaB4su0ZbwHoXvyShNsmr%2F5S%2FLDl3lak3KTGog7z0X373rvyKPP66kit1eMCdiol%2FgVKSYhdUAPxsL2OglSp1oOEsHC78VBLnFZh%2FnDobeN&nvMid=23036282536&catId=50000813
봄 남자 오버핏 베이지 로브 롱 코트,"85,000원",https://adcr.naver.com/adcr?x=076Im6rerpAaKREIMDy1Av///w==k6h+/054CP2kHO2z8Q/R/RqcYxwA3Io7y2GOd7BPNxhNrt7mjQmEkTn/6Z3ZUgYVknIXG+Ur7EkCAW55XW1CU+6oWqXY+/X4HqIpFoxe3kdu6lKlD1wzlc3UkclNvKjCIkEZzUq34uoT062IXvdHEVA5y8unonLXgDWYMsjyUTUd/oAAJsJe95QGodCYvqFX9XvP1anevdQXYVJZz299qhifWwI0ootQ0lgvncovx+8P5IAp3IJlPzPU91oKkDH8Yfuoqi8OMGrF+T1VsbMFuv4352CMi6wL6MwC/uCHmcgmdjxtaNqMlLR9d0RThyi4rDhyNdFZBnxy3sVNU6N3PhnIlaDRdQKo7XHIff6xu7CRjIWnQMDZokXGUMjRhcJEgWmuDyvtLSOYv1Kqd5HOIUVbF1NVlT9tdCxYSBUr00H59ZyF06GdZUDp25LHKs6bKz0JP68/69C3jePZe0In8bsMLCdoRfD+ftpF0PS1UhrpDml73gOJ9u+gok7FYFiWdtjTRycS8cShSNJpumWfkadKGZ8tF5EEq6tpg9AkwEFpH2UgSOlZs6UOVRpLMDALTD57ZaKQODZm/b3W2vokoV0Tf1KxMkXLbaFnA39u2734J/nJBd4lGa2PJev9XnSsYOBndVY5keV9O0iGYfcHq4j2oKpFIEF+XzsgxVwuXdM7aHHcuJzkir1pilEOkw/ZLPZLJ19bBiEf07uEz5fdGT43lD0lgfSNVRzwlc5Ct5OwZNzR00pJfMpeGtlTxT0b+r2kSHQiymt6MTj4FZSupAOlXlecLXRylk2jnEdTi+Wn/gAfeM54Plmxebxf+MZUhgDPzbcRLOUaRldP+dOiBZQ==
스프링 투버튼 싱글 코트,"52,000원",https://adcr.naver.com/adcr?x=tU7wGsSQmgNzEmbYw83hnf///w==kmamD4eAWddJRXapDbvRiklA+GYcUZp9t2vc4kHNTgkWsF7kpzOALgtyFUeygQgwZRLnsa2nYa3WbuC7a3xeDIAsJUkaU7CL+l6s+dme1iLfCeMBKjjMitKlN8xKGDIh6aPVHlCnlXE1v8Pr4Rz+80P87oWZoHhWP5uuR0LNbv0U3d6Oel8tob6b6b1dNteIHK74fX6zC+Mmi01zPPiDT5m9nQTXy+br0V8G/7YJ373VVUYNC9TLUJB0Eq2pK3JnW/wc20EPLFFLxCMVzT9o7+OCZ/nlMDUX3SaHmveJDL3B6UQzE4mW2PZcYX280MtWgyaTAiE5EguV82NG+5F4FJH//Nt90Yb7cbGzyiRnjb5fS5ylUdMcsJDvZH7Va9DZiLpluPElldcCwF9KDFNMBQSFsru2hYDdZrtraJLTHzI5qasZMoj5Od9K6eIepj0oTolbHkjWy6/jiVtlSeOorIej8zNVjA7adKvI2FHS1J8N91FX/ac8uLawA07hLzAdre/+h3fQTqHkOTcySz9XHgyhEC++zDhYxJe/cmMAQtBEUURPZgWsBrBUfSfp2OmgY6Z1XfRuQMFiVN36lLsIkop01jbbZVnRIyzzoULvotguV2Ub5pH4EALy21QDlDncz5Im8uRwG/cqz1PKWR+bw5PI41CAjfB83uzjKw2OrpJAagDhgjWAwNvkhEEqcu01HpTh4k1byV4xAN+Ast2BW3/ZjewrUs19kjWidFO0ODRgoOqdYjlZOAli0kHlahKRIw7MLSKY3llR03uZw16k7fg==
세니아 슬림핏 가을 모직 코트,"99,800원",https://adcr.naver.com/adcr?x=1PQDJMTisqsGtGBGl26l9v///w==kDXhY0tV/PDKkusNSzFJw4Bkk7YLaojfSa39mr1vtbKuBVhAhRAWKMb0FwATm9oyOzdLcRniIhEVCBm+zRx1xSIhG0TytMRmnUuaEbxwZlLprBDZXRmn1kkR8dhzF7fsqknoXTPGD+Nib3jxWDffDu7ZVQxJhlgt8/Wosfl6SDwTE+FUD+WTPFp3WOhdcQ2RqdM54HtH0eTO7Z+YzARoD1xVSA52iLYx/OME3T186uYHZJOU2zYcf/up8FXDQN+Odx/eG2ijjPRkfXtVJAHktTWc7IgbIGsiHW1NX59Bc4Qm8H7Zs0NAhtD422mKr6KW0v9LD2xW+DvMOOtRHXE8cYd1dvcWSP9A7APEKKHQ6QNbSnaeY6PTeFeRZ0BlMybiJVnqPIN/O3BEErZaLthc5p+cOVK9slX3HMWvWv6RvRNeLtdkYzHLdNdCRamJHnTzrDN1OBmYYbb7Q2G5off0s1ISxlMw5t8MSEzyITWjEwSRmsV+A+ZgXgH/NPVoloZcxW2vkhm/5FHfCpAJvKI2P8af1DnZfLxU3061sEX8umLYftLx1F6g3c2biyP6XerMLZCvWQCM18JT+1AUuRq6ziVDXGOfaSs7wMvl8cw4ScQW+6qhphY42NjFIG6k5bW3btb41W5nU6WgPs2Nb00/lzvkjGgxKb678evGBkbDBWDumIe+OvUxalPAklND7cSPO0cDENMxQU4g6ZoojsXuTguAL1p0ajpkahcbF1tK4zpZjpGtBjhOI6f8kNPJjeD1mbzMsPSnupWE+U186EWPU5gp5B9tNCafgw2kLZe5LKMY=
스튜디오톰보이 싱글 소매 리본 트랜치코트 9190111029 013,"119,000원",https://cr.shopping.naver.com/adcr.nhn?x=BoOFaFJIsDpVxW%2BRfdbd5v%2F%2F%2Fw%3D%3DsRxDQhXLKJ69O0tyrOMy%2FGOXZMRgxXtAZTPZt72pjSJ0zYgahzsQCz3EL8bBC%2B2%2BC5DVWb%2BL4VjsWLmeWhMu4qFF97BrCg1kfeMwXai1ZH2sZgY1XlwrxDUxnGnP8B%2FWS3IZpKv7R1G7ftbswwgHg0a2uTZhk0jtc9THDM9zjx33RXTKmeZoYFrkL%2FJ7CJAm3D6%2FgF7Qy1nCDNRWF5806VFa37wsnKIKovyks6puc4bEGmQJ3thjc7xy99ZqWwIJ0a%2BgojJ4IiELwL8h7UplleYZnlrSZr8PDPdBCvs8uWtclXTdy6Sn%2F2yromYu89VyUQakH1zlNj2zlUYZ86cShGl%2Fey054%2FoJEyxzFTZIgxxF4rZSSVWEufjxpmTdOLFCRz2sK%2BMpT7nJqStx0YSGhQMb9fe38o2Eslxa66FmBFHbRotYI1uKHV0NGBObX6IPNZrVjLa7UWWo7kL5EbY0DJGF%2FOAAE3ZNNnM1dc1IYywnolniDaAYatZSKh6abTg%2FC8jR8gVF8FlQ9pItE8Zzc8hJOTqvnF4WdHNPx3RapX7Tz5%2FCEUP10ujJ%2FcoITQkLyK47w0wqH4Lc3fm%2FfEsqWhhcCNJDetRbCcyV28IBb2YaWLbzCZjnPSVRysyd2N2kYaGimR4pR27mrh1IoDTOSgA%3D%3D&nvMid=22081984135&catId=50000813
온앤온 벨티드 더블버튼 트렌치코트 NY0SR103,"82,190원",https://cr.shopping.naver.com/adcr.nhn?x=WGj7QQENeZY4vxsCjkkaxP%2F%2F%2Fw%3D%3DsuUolMjNSrJYZPEIKoRhkwvCPLH0Ooe235u%2Fx9WiPSgIesI%2BFdcFeZstXwZwr4XXdglTPjk4ho8lLHF%2FXVnP5Y5RDGjI2stjKJedLRN1wsqqaUZuc7qmAMS4D23HkT%2BjW7%2FpCZfDzJ5lN9qUZj6R1%2B4BsJjzV%2F3vl5Lmd9HbkUGKmuJVM1QU1cDigHCsm0Q2kYrKEOzqyEwaFX2EW1YCSv%2FtcOZd5Han7Qv3p6oPx4NO%2FcuW3HTQa25bZgrOwSdY%2BvHqZq%2BCVtmDNYbX8XjrOsKLj%2BvSXPWhKT0BbyrMWxS%2Bk6v2w9jBqMGR4TTsgYaQnlII%2ByYYqWVu3SSXxcjEJdIqnw%2Fwp60pIK9tUX0w4%2FRNQvCL0vjT7BDyew%2BppTYv%2B%2Bbu%2BLDfu774B%2FRg%2BRnPvygSxaq63xnIABRyf4x1dzTxLXcv9Az4Jm6rquko58j6DyooU2t%2BzGYWuFtngT6c2%2FN9oiVb3IAt0z6yA0%2FKBgLlk2KmXuXfIKZt7FCXL9yUJnECPC9Xl8ZLfGvtemrWkSup%2F3X2T2h4WUMxrydUfD3k0%2FP3Gy%2BUiMAoYsXafRnkpYnHIcETcJifOE8sb44IMxS4WrpVCt3GfUgGkPgb0QzC99SKh9lKVm53q2NAKkuQrV3OdHgSE8LoEjTx9zpNPbFaRsOtQUnaEEbxBoHxZXOc%3D&nvMid=21814170010&catId=50000813
울소프트 더블코트 블랙 JJOT7201,"119,000원",https://adcr.naver.com/adcr?x=gonYPeIjb4i9T4VRftvhcf///w==kkE9AyDe07YEoO8HaU/ADw03K1Cn7MB9pG5uLCOdt0Ga24TAXs7ZphAdazLZ8PSPiDKFlFYL6VXkpipLR+1WKbEVMZYAw+arIZFVpAjIHWdoaF5bvb/i2zOE1BDq/ArJBAR0yCNWXpeU1C7HUWnykzjJyMG0+vSQZVwVpXdScTBokXg4VcD6u33/BcDgvK4xK6r1ZkeARmKDLs7/RITXIrL8UBLlGW4032sUylLrvl5EfdijCMi/hzjpS2+XAgVTv2836kKvR48WnkVRH+5vpJMmSYlOFHguTNPErrz5uPo2POmmfa+vFxeZ5UfsnV/9nIDNff06yYgA+9SaZ16PcQ3d4uo/6uk+xe3YfDoA33lnHr03DvpqGBfbgCgEIM2T7XVtV6l2v6YHmklOr7VdlPxXf0egclIL8r/FhExHsuzxlEnaMSiD5J68W/Hn+m1COJ6OvkGRXmLOqpJA3brQT+LOuTbvsl8TJkBEH964mT97xublR6rLN9ou03Xi1/EUtMpw5fahRSS1HwJaSEp0C1aEbf6N+5MkEsNpZXim165BZLa5rDhJCAR9QvQiflTNPSQSHG0GVgZtOeajE5HCeA0p+6HNL9q7A1x/MPhUT9E0M1yaz20SD/WzyG7GM7rk5YvLJQFohTVu60EG7x0TzWDN/BBtmeSzB8cSP76ROx6fDz1tRRCSL8M2Ytg8y5fu7SXuTyoH168ovL78A6V4hClr1yU7NTxIHELFTMDchzNRbLDLZHXay8Tv9DlLX/XWNEhjlTZGNZL+tPQi5n2E9rpY1Aln873NRSJyvxRGJfBJwKSLmM4fFvt22S/Wd/iHY
[티떠블유엔] 포모양털 코트 2종 LMOT3258,"98,900원",https://adcr.naver.com/adcr?x=tN8z4/i7xknP+GvwemrfhP///w==k9Il6cicpyzYJf7lO4oiGBet/Jkk1UtIa3xG6LPSFaPLvs8FsSvCLVdoVuRPbhH7aeOZMN80fBzoS4vxM3OglKZpKWyVYDZMzuDeVDbylBrQUfTI0yr3jJ2GVmgN8+HrIdfBHYtFVNf/N59Il+m+gd/DZR0/RPqm3RmONaOOzHHto3rtVgw7dPUXomA25HrDUM7Z7RBn7RC8E6qZUex9FdUIFAwfiQ5dctED+Jzi+HbDvy1q4z2tUIHySsBEKhrwqnEp8kEdjZm20PCUMFm9XH3gIIAHRz/QbJPHkPhSMDkWVY4IapLiSowNiZKgF9TIfnX8N8by+ZuFwRzoRP/W5NgGSuV06Ah6Tx1c38x2G3tFtJAI4sih6qFp5rv+sjzb6LGM2Qo1hMBjgzCIVxHt9rj5vnvc3KONSLNNp57l+iSgeHZTIOSLmv0Xkw7UFHC38Pw5ErXJXA/cFI0RDdm4tYuPkrJDy8GTUtU3amK9KbtOFQ0Ck4xt/OwjS2rl7wfvtnhMLiM6ND5cPuQxfxomhueIdclAohExuntTaAWP9BVfSy5ECMN1Ci2fRZtrNYWQqF1AzqHviTogqoL2bBuWteg3zDy9ALsHplKGbGn5CE45K51ID3N5GAg3wE+qR25ITJtGvEwkOLpKCond+cXZ8oeSfDL35tjwx0t2Ny+x9p/QqNHSSvXzvpywrs8Yr/3pMta6sBvxCu2lDfRKQBpWa16Yh2nnLYIQU72qP5InbAEzfuXDUH/H1A4UtPI8aASMrA2XUNxFpow9fzKrwcVR0scVDhXYm5LU+M0xEDBIgIATM9BbKubrS1uWFHMvDRRCr
빅사이즈 카라 소매 스트랩 루즈핏 롱트렌치코트,"58,500원",https://adcr.naver.com/adcr?x=lqEn6dp5V/qeZEufIWm0of///w==kMYQq7CbgiKs255hbDuwLM+Mx6ULMercz0oNyiyy0vylc/Mf+dw96uhUBQ0BaXBwyWj9W85+RQkcIxZU0xPuDdvOAJhTOCTZ0SG5w8Xh509yRK4VJlvUI2lnpLK32Yl7PvoYBKP4XSYkW4E25xblICC5vg4Zj9wFmvWiinHeY24Ted/evhTsAErlkHWIveLDNRdO87eMxQ2t5i9Lzu5hbIs2wU1FZYo8Skhk+k5Ec/8QQ5hTMbjjHTVsslsuWVaF4CndKzre1BuytCgBr2x6SVgQIilxd4/FaBTSrvxLctqwi5Y6XE1EM9PxrpS77GhaHJ7380L/KetSk7OQxs400BTKmp9kUmZBHxF4tGpU1Lehv7uFHzCeASvkWrljAl5Qwri3oVWh7dZXJSm3NzwnCIWnHZ3AIXzX0bs7EpzRyajH8sT3iGziYkhioAHEYZ7aevVZHk14gpL2nT9MvCdN/bOBaMJDK7LZdZ8AHLDqkizERlbyB671Ck7MDMU0oPCCab4YEEb9xj7hQf+Pfuy7UT/Rfpt+Yp3ZNcSxp/KbIqUtnCj2kQRFxPZ1X3wj5Uao7i2b47kCVkZukE5f4leRRCKgjkNcR28ENJFqKZX8JaNDe7ydA4FGwRG7eRXU0+u/nAY65PNgdtzVEiqIsccvlDaPckHLeXTrZ+xedt6raz7F/MKrTcGWfcXXDCjM/qhdd+sllF3G0ijVEI+h6xWNQyzwJnCIn490H0CN3JAhM3syBgOVLzorRcPkcbegQPY9ubz7cXE8Ulz1rJtaGwETX4PAFN2rrYYxfZ0nRwt7MczDd/TOPK2I1y8HZHhqW8wEe
코튼 솔리드 롱 맥 코트 T22A0PCT001WT2,"216,730원",https://cr.shopping.naver.com/adcr.nhn?x=WmLbV66%2FqPeU5lBlJt3gzP%2F%2F%2Fw%3D%3Ds0H8X14MH%2FALgT1JJrR2zjcmgNsElIpoL8df3%2B%2BeqSwKKoYXA5zUr7BILa9WAA9ZKROtXV9ImtSsAYRQOftyTH0KTBHOkK982Z8vXUX33XAzET0rJurt805jr1Ln17AWkZ51b4zIIhzI2xYZuL9f9QD9rXyqENDUD8omnd%2BAEOivE1JfnQ64k%2FNZrCVNNWUrD7m4QUG384Xm%2BDcgccYk51vl9zyzh4agceFzmyGGWpnLZyd5XQ8V9uTq8I50A65f8n4O03wz4JiD6W3bekis5o2MjnQdnL9wtXZ1LI9BLQeEQhkkHXK4%2FmSRy5icYE%2F27dIBakKSC%2FecSFSX2ad%2FaS9cUKJcPHkyGmK6sYelrfLJkIptLkhleORsoGb3BUK6QaIjIsdZF6GvuGXcalZrk9n6mgODcRYeGiWXeqc%2FNtp1KsaK6szvgRo5X5XC1HnWyyq2CmvepEqEnwCNPTMR140XgxrzTLg%2Brrdqk6Xi99AzdykZQBRqoQ9EDkm0U%2F0U9o64ifB9DVeZ8ffla9GlFducUZ1ItA7h3OTNoc60j8fkGdLg0azN2Cuv9LMGfoBhhjr%2Fvhuz%2FM2bOeEg7k3nONQTrC01KOs95buTJ46WnKaKqMutikJx2%2FwR0l0fV3szLxyAhEKTy%2B0Zvtn8oYxIR0Q%3D%3D&nvMid=22717148727&catId=50000813
버튼서울 제일모직 캐시미어 울 오버핏 코트 로브코트 8종,"118,000원",https://cr.shopping.naver.com/adcr.nhn?x=6l5MzjfsrteeoORU1oaCPf%2F%2F%2Fw%3D%3DsA2l2pjP%2FJlmb2EZqqJCgdO1UFt0uCngTSGCjzB%2FYniS1VeavkPzzdTs7F%2BP8tFkJ9oXKFvWJMD5hjftDiHNWAkKTBHOkK982Z8vXUX33XAzET0rJurt805jr1Ln17AWkMBbAUTLhEczrfo6o%2BFCYJ9koDZhZTyE2PqJzLGA4wO5miTRtbcfJfybJNxttlay4lPygtqkWqvqfl7%2B0aanDc4p%2F6%2BfljotiouC0G%2BW5yv5D4P%2Bj2CVvS6QkrpszyaIoCuwrUM2Vi5bq9fxYHuPhKYgQ8JQuhvGW1DFE%2B477tWBY8wN4BseIx4mhc7TwpKe6DDpPpxDSU%2BP5hvOpL%2BXgkaaoe2pxc35oOGg9GKlD0RfdcKGS8K3v9HOi3wvF0Lzm5nYYwrMd4xXtUXhFnjhTQizoIWP74O%2BLPLcshoS7RAWeCjGdpjVSFmruWP02MGib4wW3R02hiTWEIOnd%2Fm%2BVqnEPeN5LVvAU3yTRSzom3PsmvvpT7N5Jq4giI6kYwM7PqFgw3voplLk%2Fz5JkOUrwjYOuAKV6RXG1Is03XJLviBdu9PhLnlOaCyefynM1J9ywRkveyC7QO5QE1NH5aFcSoNPWdMDg00K%2FN2PZF7SP6bXke%2FVP%2BgM94BPZkP5YJ%2Bex&nvMid=12685921818&catId=50000839
