,txt
567,1년에 한 번 씩은 다시보는 영화 
568,원작과 영화의 시작품성과 시대성은 만점 지금의 시대상과의 조화는 50점 
569,제일제밌게본 인생영화 
570,조와 같은 생각을 하면서 하나의 목표가 마치 인생의 목적인 것 처럼 살고 있지 않았나돌아보게 되네요 의미를 주는 영화였어요 
571,잼있어요 이런코미디자주나왔오세요 
572,삶이 무엇인지 알게 해 주었다 뭔가 거창한게 아니라 일상 속에서 행복을 찾고 순간을 즐기면서 사는 것힘들 때 두고두고 꺼내 볼 위로 같은 영화 
573,다시보니까 이소룡 싸움 연출 너무 전대물임ㅋㅋㅋ 준내게 오글거림 견자단 싸움은 존멋 
574,누군가에겐 위로를 누군가에겐 힐링을 
575,영상이 너무너무 예뻐요 귀엽고 깜직한 영혼들울집에서 키우고 싶더라구용주제도 감동입니다 
576,진부한 교훈 진부하지 않은 영화 
577,다아시 사랑해 ㅠㅠ 
578,책이나 읽을걸 그랬나 하고 앉아서는눈물 뚝뚝 흘리며 봤다 
579,여주를 쿨하고 지적이고 멋있는 여자로 보이게 하려고 영화 만들었나요 좀 더 인간이 느끼는 자연 스런 감정에 솔직했으면 
581,미래의 룸망주들과 미래의 딸배들의 이야기 ㄷㄷ 
582,영화프로그램에서 보고 재미있어보여 급 예매하고 보러가게 되었는데 나오는 배우분들이나 초반설정때문에 재밌게 봤는데 뒤로 갈수록 내용이 정신없고 앞에서 나온 영상을 뮤직비디오식으로 편집해서 보여주며 시간끄는듯한 느낌 
583,당연하지만 달에 첫번째로 간 닐 암스트롱 영화인데 그걸 잘 풀어냈다 이 영화를 보고 지루하다고 한 사람들은 우리나라의 자극적인 전쟁역사영화나 보길 
584,이제는 주변서 보기힘들정도로 고전이 되버린 아케이드 게임 캐릭터들이 주인공으로 새로운 환경인 인터넷속으로 들어가 모험을 한다는 신선한 창의성이 돋보이는 애니다 스트리트 파이터소닉등 유명 아케이드 게임 캐릭터들과 스타워즈 디즈니애니의 여러 동화속 공주들등 카메오들을 보는 즐거움도 쏠쏠하다 스토리는 식상한 감이 있지만 인터넷 세상을 정말 잘 시각화했다 영화내내 많은 볼거리와 빠른 속도감으로 스토리가 전개가 됨에도 2시간 가까운 러닝타임이 길어서 살짝 지루한감이 있다 터프걸 쌩크는 예쁘고 세련되고 카리스마가 돋보이는게 웬지 갤가돗스럽다했더니 진짜 갤가돗이 성우를 했다 한국말 더빙버전의 경우 뮤지컬등 노래를 할때 들어주기 거북할정도로 오리지날과 퀄리티 차이가 많이 나는데 이 애니는 한국성우 버전 합창곡도 퀄리티가 듣기 괜찮은게 좋았다 성인이 보기엔 약간 지루하고 아이들용으로는 최고의 애니중 하나가 아닐까 싶다 영화후 마블처럼 쿠키영상이 2편 있으니 놓치질 말길 
585,희준배우님 보러갔는데 영화내용은 진짜 헐헐이다 기가 꽉찬다 이거보고 잼나다고 글쓰신분들 대박 내가 이상한건가  
586,아ㅡ엄청웃고 봤네요오로지 진정성 하나로ㅋ봤다는 ㅋㅋ 
587,시고니위버의 진실 
588,분노의 이병헌vs광기의 최민식 
589,뭔말인지 이해안가는채로 영화 끝나는거 실화 
590,대담한 선을 그리지 않는다면 훌륭한 그림을 그릴 수 있을지 없을지는 영영 모른다 
591,잘 만든 영화군더더기 감성소모가 없이필름을 잘라낼 줄 아는용기가 좋다 
592,기다린보람이 있었습니다 
593,웃음포인트 웃을 수 없는 포인트 2줄거리 시도는 좋으나 구성도와 내용이 부실함 2연기력 친밀도 없이 따로 연기하는 느낌 강약이 없음 2연구력 배우 의존도가 높다보니 끌려가는 스토리가 된 드낌 감독에 생각의도와 포인트를 잡지못함영화를 만드다는 건 매력적인데 잘만들어낸다는것 쉽지않은듯 싶습니다너무도 영화에 대한 지식이 많으면 오히려 영화를 만드는데 실패하는 경향이 많은듯 싶네요다른 발상을 같는 전혀 다른 분야에 독창적인 아이디어가 오히려 대박이 날수있다생각합니다미친놈이 호랑이를 잡는 법이죠 
594,사이비 속에 숨겨진 현대인의 관계에 대한 속박감과 해방 이야기 
595,일상이 소즁해지는 영화 
596,볼까말까 고민한다면 보세요 
597,소재나 연기는 좋은데 스토리가 탄탄하지 못해서 전개가 루즈한편ㅠ엄마가 아이를 자기 아이라고 확신할만한 직감적인 장면이나 아이를 훔친 여자로부터 그 증거를 찾아내는 과정 그게 밝혀지는 과정에서 연출이나 스토리가 탄탄했으면 훨씬 재밌었을 영화 여자주인공의 감정연기가 90를 차지했고 쏘쏘였음 
598,소울을 보면서 많은 힐링과 감동을 받았습니다 꼭 보세요 후회하지 않을 겁니다 
599,평점이 6점대라니 ㅠ 재밌게 봤어요 되게 생각할 거리도 많고 
600,결혼이야기 레볼루션너리 로드 이후 연애와 결혼의 아득한 괴리를 잘 보여준 영화네요 이 세 영화를 보면 결혼은 죽어도 안할듯 
602,영상미가 정말 픽사 디즈니다 할정도 좋네요 ㅎ잼잇어요 그리고 엔딩클래딧 끝나고 추가영상 잇어요 
603,최고예요 정말 삶의 의미를 얻고 가네요 
604,삶의 목적을 잘 드러낸 영화입니다 삶의 의지를 잃은 이들에게 추천합니다 단지 57세가 보기엔 조금 어려운 영화입니다 그러나 22호는 삶의 목적을 찾았습니다 존의 몸에 들어갔을 때 무의미한 행동들을 했으나 그런 행동이 삶의 목적이었다는 게 감동이었습니다 
605,작가의 가치관 필력이 얼마나 큰 힘을 가지고 있는지 알게 되었습니다 인생을 되돌아보고 다시 열심히 살아보겠느라 다짐하게 되네요 상담받은 것보다 몇배나 위로 받았습니다 감사한 영화입니다 
606,세월이 야속하다 윗니 휴스턴 
607,무의미하고 지루한 인생을 보내고 있는 줄 알았는데 삶의 소중함을 일깨우는 영화입니다 
608,수능끝나고 보는 첫 영화네요 엄청 힐링했어요 또 보고싶어요 
609,뻔하디 뻔한 내용이지만 긴장감 있게 잘 만들었다 
610,b급 슬래셔무비인 척하는 명품 블랙코미디 
611,영상 표현이 좋았어요 무언가 되지 않아도 된다는 위로를 받았습니다 
612,역시 디즈니믿고 봅니다최고네요 
613,좋은 영화이긴 했는데 현실을 생각하면 씁쓸해지는 기분이 드는건 어쩔수가 없네요 
614,최고의 애니메이션입니다 
615,우리의 삶이 목적을 다시 찾아다줄 영화 정말 많이 추천합니다 
616,다큐멘터리가 얼마나 강하고 아름다운지 처음 알게 해주었습니다 다큐멘터리를 보는 동안 누군가의 인생을 친구로서 곁에서 지켜보는 것보다 더 깊이 더 가까이 보는 것 같았습니다 인생에는 한 가지 길만 있는 것이 아니고 모두가 가는 길을 가야 할 필요도 없다는 값진 교훈을 얻었습니다 
617,지친거야라는 대사와 물고기를 보지 못했을 때 절망하는 조제의 모습은 잊혀지지 않을듯 
618,배급사 이시기에 이걸 왜 수입햇는지 도통 이해가 안가네요 
619,인생의 의미란 천명을 아직 모르는 50대를 위한 애니 
620,생각을 필요로 하는 영화 동시에 깊이 생각하기 싫어지는 영화이 세상 어딘가 마츠코라는 인물이 있을 것만 같다 
621,뭐하는 영화인지모르깄음 개노잼 
622,평점 뭐냐 잼나게봤구만 
623,와 진짜 이런 병맛 ㅋ 1점은 왜없냐 
624,엔딩 크레딧까지 완벽한 영화 
625,재밌어요배우들연기도좋구요 
626,내 인생에 spark가 없음을 탓하지 말라 
627,처음 주동우 우는 연기 보자마자 반해버림 연기가 너무 압살이라 나머지가 죽어보일 정도 놀랍고 또 놀라움 
628,약간 유치하고 엉성한 스토리라고 해야할까 살짝 실망이예요 ㅠㅠ 
629,정치편향적인 김대중우상영화 
630,ㅋㅋㅋㅋ아니 별 기대 안하고 봐서 그런지 엄청 웃었다간만에 시원하게 웃으려고 코미디 영화 찾다가 우연히 보게 된 이 영화ㅋㅋㅋ모든 배우들이 다 빛을 발한 영화라고 생각된닼ㅋㅋㅋㅋ그나저나 이시영 진짜 이뻐서 감동함이시영같은 여자랑 연애하고싶구만ㅎ 
631,이거 버디갚너무 웃김 내가 다시 보고 싶은 영하 top1 
632,저냔나오는 영환 왜 스토리는 없고 저냔 못생긴얼굴만 나오다끝나냐18 열받네 
633,마음이 따뜻해지는 영화 영화막바지에 헨리를 향해 달려오던 클레어 그 순간이 가장 감동적이었다 
634,생각할수있는 철학적인 영화라 잘 봤어요하지만 전체관람가라고하기에는 수준이 너무높아아이들은 좋아하지 않네요 
635,교훈도있고 스토리도 좋고무엇보자 영혼들이 귀여워요 
636,세종대왕님 께서 글자를 창조하고 다른것 개혁하면서정지척으로도 스스로도 외롭고 힘드셨던면 을 표현하려고 하신거 같은데의도는 좋은나 전혀 공감가지 않는 역사왜곡으라는 느낌이 너무나도 큰영화였습니다세번을 봐도 별로네요 
637,얼마전에 인터넷에서 본 어느 노년의 할머님이 남기셨다는 글인생을 살아보니 마지막에 웃는 사람이 승자가 아니라 자주 웃고 산 사람이 승자더라 하는 그 글이 떠올랐어요 감각들을 더 활짝 열어서 열심히 경험하고 느끼고 감사하며 살아야겠습니다  
638,바람나서 집을 나간 아버지한테서 연락이 왔습니다먹고 살기 어려우니 부양해달라고요 제가 찾아가 말하길당신이 절 버렸지만 전 당신을 용서했습니다마음의 양식을 삼으십시오아버지의 손에 쥐어 드린 그것 그렇습니다클레멘타인dvd였습니다 
639,와 이거 진짜 재밌음 난 이거 1년에 처음으로 4번 봤음가족이랑 같이 볼만한 영화로 추천 
640,그냥저냥 킬링타임용임 
641,별 하나도 아까움 부산행2라고 하지말자 
642,목표를 이루면 마치 세상이 변하고 모든 것이 달라질 것같지만 현실은 내 일상 속의 미세한 변화만 일어날 뿐 소소한 일상 그 자체로 행복임을 알려주는 영화 가끔 하늘을 보면 느껴지는 막연한 시원함 가족과의 추억 내가 좋아하는 음식을 먹을때의 행복 우리는 그렇게 이미 아름다운 삶을 누리고 있다는 것 
643,아만다 넘 이쁘네요 눈물 찔긋 
644,스파이더맨을 넘고싶었던 갤가돗 
645,2021년에도 보고계신분 있나요 최고최고 
646,살면서 너무 많은 순간을 무의미하게 치부해버렸다 목적을 못 찾거나 아직 이루지 못 했다는 불안때문에 낭비한 내 소중한 찰나의 시간들 스스로에게 미안해서 눈물 쏟아지는 영화 
647,너무 감동적이고 재밌어요적극 추천이요 
649,20년이지난지금 봐도 재미있네요 
650,인생을 다시 생각하게 되는 영화입니다 
651,너무 멋져요 
653,모든것이 완벽하게 비벼진 최고의 영화 
654,좀 현실적인 답답한 상황을 전개하다보니 재미보다는 저럴수도 있겠구나 하는 정도 약간 지루하게 만든게 흠이다 
655,자기 가족만 중요한 민폐가족 이야기 
656,왜 이 영화를 이제야 봤을까요 
657,에릭바나 보려고 봤는데 스필버그영화에 실화라니 충격 낮은평점에 또 충격 한국이라면 뒷짐지고 먼산구경만 하겠지 
658,영화를 이용해서 원자력에 공포심을 조성하고 국민의 여론을 혼란스럽게 하는 정치색 짙은 영화 
659,보고 또 보고 또 봐도 감탄 
661,도대체 뭐가 재밌다는건지 다 알바생인가 ost만 좋네요 
662,인생영화사랑에 대한 
663,지금 현실로 인해 마음이 힘든 사람이 있다면 꼭 보시길 
664,약간 호불호가 심할거같아요엄청 박진감있는 스토리는 아니라서 전 잤어요그래서 옆에 친구한테 스토리 물어봤는데 친구도 잤대요 
665,최고다 간만에 영화같은 영화 
666,1점도 아깝다 보다가 잤다 
667,도대체 왜 일본은 영화만 만들었다하면 키치하거나 지루하냐 
668,모든 사람들은 태어남의 여부 장애의 유무 국적 성별 외모 마른 체질의 유무 부모님의 폭력성 정도 지능 그 어떤 것도 선택하지 못한 채 이 세상에 태어남을 당합니다 수동 왜 태어났지 하면서 속상해하지 마세요 모든 사람들이 다 마찬가지니까요 선택권이 없었긴해도 모두가 마찬가지이기에 그 사실만큼은 공평한 이 삶 그냥 즐기는거에요 당사자의 선택이 아닌 부모님의 의지에 따라 시작되며 불공평하고 부조리한 게 인생이니 우린 그저 크고 작은 즐거움을 느끼며 즐겁게 삽시다 이왕 태어나진 거 즐겁고 행복하게 살면 좋잖아요 
669,진짜 그냥 완벽하다 ㅠ ㅅ ㅠ 
670,어린 담보의 눈빛이 너무 이뻤고 ㅠ성동일 연기는 역시 ㅠ 
671,현재 지금 이 순간의 소중함을 일깨워 준 영화 
672,이렇게 만들거면 왜 만든건지 이해할 수 없다 
673,디셉티콘 어택목소리랑 생김새 완전 퍼팩트 
674,브래드피드 보려고 봤다가 헥토르에 퐁당 허우적대네 
675,아름다운 우리나라 영화 
676,쪼여오는 맛 생각못한 잔인함 사실이 아닌 인터넷글이  사실로 만들어 버리는 여자들이 주인공 
678,노잼 ㅋ 뭐야이거 악풀 금지 영화네 
679,연기 너무 좋았어요  영화 내내 몰입해서 봄 
680,별 빵개는 왜 없냐 ㅡㅡ뭐 이런 더러운 영화가 다 있지 
681,이 감독은 물리학자도 아니고 그냥 전문가 자문받아 상상으로 영화 찍는 감독일 뿐입니다 일단 그걸 착각하지 마세요 무조건 내가 이해 못한거겠지 깊은뜻 숨은뜻이 있겠지 없습니다 그냥 괴작입니다 본인만의 세계관을 만들고 싶으면 논리적으로 짜임새는 있어야지 매트릭스나 인셉션 보고 사람들이 뭐 말이 돼서 이해 하고 좋아했나요 영화 나노단위로 분석하는 영화광들도 해석을 못하는데 똥을 자꾸 보석으로 보려고 하지 마세요 
682,사후세계의 다차원 공간과 제리들 표현이 상상력을 자극시켜서 너무 좋았어요 아트웍은 진짜 매력넘쳐요 근데 솔직히 조금 아쉬웠어요ㅠㅠ 스토리도 잔잔하고 큰 굴곡이 없는 느낌이고 결말이 너무 갑작스럽게 마무리 되는 느낌이였거든요 그래서 더 공감 가지 못 했어요 꿈이 현실이 된 순간 그건 그저 현실이고 계속 살아가야한단 걸 조가 깨달은건 좋은데 즐기면서 살아야죠이 말을 끝으로 하다못해 엔딩크레딧이나 쿠키영상에서라도 단편적으로 조나 22의 삶이 어떻게 되었을지 떠올려볼 수 있는 씬이 있었으면 싶었어요 
683,진짜 별로였네요전작을 보고 너무 기대했나dc는 모 아니면 도 인듯한데 이젠 거의 도 인듯하네요진짜 다 별로였습니다 
684,살고싶지 않은 수많은 22호들에게 이 영화는 꼭 보라고 제 돈 주고 표를 사서 쥐어주고 싶어요 여태 살면서 뭘 제대로 이뤄놓은 것도 없고 내 삶의 목적이 뭔지 잘 모르겠고 헛산거 아닐까 싶고 실패한 인생같은 우리 모두를 위로하고 공감해주는 좋은 영화입니다 그리고 꿀팁 더빙판 전문 성우님들 연기력 몰입도 최고예요 엔딩 크레딧 올라갈 때 흘러나오는 이적의 노래도 잔잔한 감동 포인트인데 더빙판에서만 들을 수 있습니다 개인적으로 유아 시기 아이들보다는 30대 이후 성인들에게 더 강추 드립니다 메세지 위주의 영화이기에 미취학 아동들에겐 이해하기 어렵고 다소 무섭다고 느껴질 수 있는 장면이 있습니다사람 없는 시간대 골라 극장에서 보시기 힘드시면 나중에 디즈니 플러스나 vod 나왔을 때 꼭 보시길 추천 드립니다 
685,우린 살아가면서 무엇을 위해 살아가는지 되돌아 보게 됐네요 높은 가치와 이상을 쫓아서 치열하게 살아가는 게 의미있는 삶인지 그렇지 않은 삶은 가치 없는 삶인지 소소한 일상을 반복하면서 작은 일에 감사하며 사는 것도 헛된 삶이 아니라는 것을 깨닫는다 
686,익숙한 전개가 있기는 하지만 역시 픽사의 작품답게 따듯한 감성과 여운을 주는 이야기가 인상적이다 
687,볼만합니다 하지만 스토리 전개가 진부해요 제목처럼 80년대 스타일의 돈 많이 들인 영화네요 알라딘의 지니와 드래곤볼 처럼 소원들 들어주는 스톤의 판타지적 요소와 그것의 댓가가 불행으로 치닫는 그림도 좋았지만 역시 진부합니다 주연배우2인 때문에 보는 영화입니다 
688,소울울님 한판해요 나가 
689,평점조절용 
690,겉멋만 부릴려는 영화뭘 보여줄려는 거지 
691,눈물샘 폭발감동이 오래간다 
692,10대 아이들을 키우는 부모로 사회 초년생을 가르키는 직장 상사로 많은 생각을 하게 만드는 영화입니다 바르게 잘 큰 남자 주인공을 안아주고 싶네요 
693,잔인함 없이 잔인함 묘사 
694,슬프고 우뢰메 같은 느낌 
695,아무 생각 없이 볼려고 켰는데 개재맜다ㅋㅋㅋㅋ정진영이랑 할아버지 연기 대받 
696,재밌네요관객수 실화인가요 
697,설정 오류가 많으니 관객이 헷갈릴수밖에설정은 잡았고 그것으로 멋진 연출을 하고 싶었는데 감독 본인조차 찍다가 뇌 과부화 왔는지 감당 안돼서 그냥 밀어 붙인듯 촬영스탭작가배우 등등 기타 관계자들도 이 영화가 100 무슨뜻인지 지들끼리도 소통 안됐거라봄 그래서 결국 나온 슬로건이 이해하지 말고 느껴라 ㅋㅋㅋ 얽힌 실타래가 있으면 그대로 거꾸로 풀다보면 풀리는데 이영화는 분명 똑같이 실타래를 풀었는데 군데 군데 매듭진 채로 풀려있음 왜 매듭이 져있지 물으면 그냥 일어난 일이니까로 퉁 침ㅋㅋㅋㅋ  tv 저 한구석 천원짜리 무명 감독의 영화였음 이정도 평점도 못받았을거라 봄 호불호는 놀란 신봉자들한테나 해당되는 말인듯 
698,정보 관련된 장면 중에 이해 안가는 부분이 있었지만 그래도 스토리가 긴장감있고 전투씬도 멋있고 무엇보다 실화라 감동적이에요 전쟁영화 좋아하시면 추천 
699,최악의 pc 19세기독일에서 흑인할배대부가 나오질 않나왕자 로 마사이족 아이를 데려다놓질 않나반문화적 
700,오랜만에 영화다운 영화를 봤습니다 깔끔하고 적절한 연출과 스토리 과하지 않지만 몰입하게 만드는 배우분들의 연기 아름다운 바티칸의 모습 전부 좋았습니다 꼭꼭 보세요 
701,마이너스 점수 못주는게 아쉽다 
702,오히려 중간에 루즈해지는 시간에 더 많은 생각을 해주는 영화이다 아이들이 아닌 어른들에게 더 필요한 뛰어난 명작이다 
703,정치영화 ㅡㅡ 노잼 
704,일상을 소중히ost 좋아요 
705,아빠가 무능한 발암캐릭터 계속 상황을 어렵게 이끌어간다 감염됐어도 계속 아기에게 뽀뽀하고 총을 가지고 있어도 총없는 적이 총을 들때까지 기다린다ㅎㅎ 
706,하내시간내용 결말 뭔대내꿈이 더재밌음 
707,갤가돗 브이로그라고 생각하고 끝까지 봄 
708,76년도작에 비할바는 아니지만 출연진도좋고 견자단 검술이 지린다 
709,ost 한동안 들어야겠네요 
710,영화 너무 재밌게 봤어요 
711,연기와 스토리 좋았고 여운이 남는다 
713,삶의 시작과 탄생삶의 끝과 죽음에 대해서 생각해 볼 수 있어 저는 너무 좋았습니다우리들이 살면서 가지게 된 수 많은 물음들 중 적어도 하나는 이 영화를 보면서 답변 받을 수 있을거예요  위로도 함께요   
714,하루하루 잘 사는게 중요한거야 
715,하이틴로맨스 영화에 공포 두숟갈 엔딩이 쌩뚱맞지만 킬링타임용으론 볼만함 
716,재미도 없고 감동도 없고 웃음포인트 조차 없고 모든게 억지스러운 연출로 90년대 유머일번지 수준의 슬랩스틱 코미디를 2021년에 선보이는 시대착오적 3류 무감각한 영화 감독이라는 작자가 관객의 입장을 1이라도 이해한걸까 본인 욕심 자신만의 만족으로 영화를 만든건지 아무리 독립영화라도 이딴식으로 만들어놓고 관객에게 돈 벌어먹겠다는 심보가 어이상실 예고편 조차도 이병헌 감독 이름 팔아먹는 홍보에 안습 시간이 남아돌아 시간낭비 하고싶은 사람에게만 추천 한마디로 쓰레기 3류 코미디 영화 
717,오랜 공백이후 복직을 앞둔 여형사가 폭풍이 몰아치던 날 절벽에서 실종된 소녀의 사건을 추적하면서 벌어지는 이야기를 그린 드라마 미스터리영화다 탄탄한 시나리오와 뛰어난 연출력과 빼어난 연기력의 삼박자가 마치 애니메이션의 하모니처럼 부드러운 질감을 느끼게 한다 폭풍우가 몰아칠 것 같은 기대감과 달리 의외로 담담하고 잔잔한 전개지만 전혀 이물감이 느낄 수 없는 감성을 가지고 있다 그래서인지 미스터리와 감성스릴러를 동시에 만족 시켜주는 영화다 느닷없이 긴박해 지거나 갑작스런 반전이 있는 것은 아니지만 인간의 감성을 추격해 가는 과정이 굉장히 섬세하다 난 이영화를 보면서 김혜수의 오랜 팬으로 한 때는 광팬이었던 팬덤의 마음으로 김혜수에 초점을 두고 영화를 봤다 그녀는 내가 본 수많은 충무로 여배우중에 80년대를 가장 화려하게 보낸 많은 배우중에 2021년인 오늘날까지도 전혀 빛이 바래지 않고 눈부신 배우로 남은 유일한 배우로 꼽고 싶다 80년대하면 외화의 3대 여배우로 꼽히는 소피 마르소 브룩 쉴즈 피비 케이츠가 맹활약하던 시기에 유독 한국영화에서는 김혜수가 독보적인 청순미인으로 청소년의 책받침에 어김없이 등장했던 배우였다 얼굴만 예쁘고 청순한 매력이 있는게 아니라 어린나이에도 불구하고 연기력이 정말 대단했던 기억이 난다 내가 본 많은 김혜수의 영화중에 단연코 1986년의 수렁에서 건진 내 딸 2가 최고의 영화라고 생각한다 아마도 본인도 이영화를 인생작으로 꼽지 않을까 추측해 본다 이외의 드라마와 영화를 망나해서 명작을 꼽으라면 1988년의 그마지막 겨울 1993년의 첫사랑 1994년의 짝 1999년의 국희 2006년의 타짜 2007년의 열 한번째 엄마등 주옥같은 드라마와 영화로 안방과 극장에서 김혜수의 이름은 언제나 빛이 났다 이영화는 2016년 안방을 강타했던 추격스릴러드라마 시그널에서 보여 주었 
718,에미 로섬은 얼굴형이 좀 
719,생각이 많아지게 하는영화 
720,보고 또보고볼때마다 눈물이 나요슬픔동정연민분노억울함우정사랑많은 감정을 느낄수 있는 영화입니다감성과 인성 양심이 부족한 사람에게 꼭 추천드립니다 
721,불과 40년밖에 안된 일이죠 무고한 시민들의 죽음이 잊혀지지 않았으면 좋겠어요 깊게 들어가지 않고 유쾌하게 잘 풀어낸 것 같아요 잘 봤습니다 
722,공감도 안되는 어이없는 양화 
724,꼭 보세요 끔찍한 과거지만 우리가 알아야 할 역사입니다 
726,수년전 ocn에서 토막토막 몇번 끊어 보았을때는 그럭저럭 볼만하다 느꼈었는데 이번에 처음부터 끝까지 주행해보니 인생영화라 할만큼 훌륭한 수작이라 느꼈습니다 
727,인생의 큰 교훈 소확행 가까이 있는것을 멀리서 찾으려 애를쓰지요퍽퍽하게 
728,아니 관람객 평점은 한국에 사는 중국인들이 줬다고 생각할 수 있음 한국인들은 거의 안 봤을테니까 근데 기자평점은 왜 저래 
729,흥미로운설정멋지작화 볼이유는 충분함허나 결말이 성급하게 나는느낌이고 그래서 픽사가 전해주려는 메세지도 잘 전달되지 않음 
730,연기가 지리네요 잘봤어요 
732,인생은 돌고 돈다 나라는 존재는 없어지겠지만 그 자리는 다른 누군가로 채워지게 된다 
733,배우들 눈빛매력끝장난다스토리 속에 푹 빠져 그들의 감정과 사랑에 몰입할 수 있는 좋은 영화 난 말이지 이런 영화가 좋다 
734,내용이 허구적이고 악역의 말투를 특정지역 사투리를 사용해 비하하는 성향이있음 
735,별루 ㄷ늑ㅎㅈㅈㅈㅈㅈㅈ 
736,헐 재미없는줄 알고 안봤다가 이제 봤는데디따 잼나네시간가는줄 모름 
737,불편한게 나쁜게 아니고 편한게 좋은게 아니다 스마트폰 그러니까 2008년 이전에 비해 내가 지금 행복한지만 나에게 물어보면 된다 
738,내용을 배제하고 영상미 측면에서만 봐도 매우 뛰어난 영화입니다 그 속의 소년들 이야기는 더욱 아름다운 것 같아요 어른스러워 보이다가도 딱 그 나이대가 겪은 뒤 헤쳐나가는 방식이 서툴고 예뻤습니다 동성애 영화다 라고 못박아도 영화 안에 담긴 의미들은 하나가 아니었기에 더욱 좋았던 것 같습니다 배우들과 배경 역시 너무 아름다워요고민하고 있다면 추천합니다 
739,세 번의 타석 세 번의 안타 끝내 안 터지는 홈런 한방 
741,오 생각보다 잘봤습니다 일단 코로나가 없던 그때로 돌아가고싶네요 
742,와스토리 뒤죽박죽 그냥 ㅈㄴ 재미없음 
743,매순간 사랑스럽고 아름답다 현대적 시각으로 재해석한 고전의 품격 
744,셜록 홈즈 짝퉁영화 
745,90년대만의 감성이 너무 좋아요후유증 앓는중 
746,장국영의 유작 
747,평점이 안 좋은데ㅋㅋ 2021년 1월 24일날 본거치곤 새롭네요 레즈 내용인데 하정우 김민희 존예 너무 야하긴 합니다 그래도 영상미 스토리 반전있고 뻔하지 않아서 잼나게 봤네요 
748,이런 식으로도 한국 공포영화가 계속 나오길 바람 영화 자체는 좀 자극이 부족하지만 분위기는 정말 좋음 
749,불세출의 재능의 소유자가 공산당밑에서 밥먹고 사는 방법 
750,세상에서 가장 많은 누군가의 울분영화역사상 가장 슬픈 드롭킥 
751,중국영화치곤 스릴러쟝르를 잘살려긴장감있었는데증거조작 증인장면에서 억지편집이 마니 보임 너무많은걸 담으려고햇음 그래도 킬링타임은 되는영화 78점정도 
752,으악 내 돈 80년대 우뢰매가 더 재미남 
753,솔찍히 평점보고 기대안하고 봤는데 난 재미있던데부부동반으로 봤는데 4명중 3명 재미있게 봤고 1명은 기존스토리를 몰라 어리둥절하면서 봐서 그렇지 평점테러 하는것들 이해가 안가네ㅋㅋ 
754,평점이 낚시질이 너무 심하네요 보지마세요 꿀잠용 영화입니다 
755,슬프면서도 애절한 사랑을 볼 수 있었던 영화는 타이타닉 이후로 처음이여서 보면서 많이 울고 따뜻함을 받았던 영화다 
756,개인적으로 불편하고 불친절한 영상미를 좋아하는 사람으로썬 영화 자체가 주는 형용하기 힘든 감정을 곱씹을 만한 영화임 
757,무슨 이런 말도 안되는 영화가 다 있나어이가 없네 ㅋㅋㅋ별 한개도 아까운 영화감상포인트 하나도 없는데 강제 선택인가쉣 
758,자신이 옳다고 믿는 신념에 목숨을 거는 것 그것이 다수와 위인을 나누는 기준이지 않을까 겨울 속 강철로 된 사전을 만든 그들이 가지고 있었던 신념 우리의 말과 언어 속에는 우리 사람들의 정신이 깃들어있다 말은 민족의 정신이요 글은 민족의 생명입니다 
759,설현이랑 남주혁이 흙 ㅈㄴ뿌리는데도조인성이랑 다른 조연들이 머리채잡고하드캐리함 
760,평점 왤케 낮지 이해가 안가네 
761,사람들이 듣고싶어하는 얘기를 해줬지만 현실과 동떨어진 얘기들 피리부는 사나이 같은 극 음악도 별로 
762,두 번 본 영화는 이 영화가 처음이에요 동물들로 빗댄 유토피아가 어떤 모습인지 멋지게 표현해내서 보는 즐거움과 생각하는 즐거움이 있네요 영화가 더 길었어도 지루하지 않았을거 같아요 
763,뭘까요 그 찰나의 반전 스토리라인에서 급박하게우는장면이 많았던건 아마도 가족보다도 더 깊게 사랑을 느끼고 슬픔을공유한다는 것인데 그러기엔 너무 짧은 스토리라인이었고 중간중간 조연들의 어색한 연기와 굳이 넣지 않아도될 장면들이 많아 극후반에 가서는 전혀공감도슬픔도느끼지못했네요 마지막 해외에서의 조우 장면은 소녀의 어색한 말투와 표정덕에 몰입도가 완전히 사라져 이영화는뭘까 하고생각했습니다 제개인적인 생각이지만 혜수님 혼자찍은 영화같네요 이영화에선 임팩트도 없었지만요 
765,한국과 일본의 정서 차이를 알수있게해주는 대표작 공감 제로의 영역 다만 주연들의 열연에 눈호강만 
766,인생이란 무엇인가 다시금 생각해볼 수 있게 해주는 영화 높은 삶의 목표에 지친 사람들에게 한번쯤 보라고 권해주고 싶은 영화였습니다 
767,내 유년 시절을 가득 채운 영화 
768,죽음을 앞둔 자의 고통때문에 옆에 남는 자의 아픔은 무시당한 영화 
769,7까지 나오고 그래도 장수하네 
770,여주 목소리 짜증남 
771,화려한 영상과 눈요기 거리만 가득 스토리는 개나 줘버려 
772,괜찮긴한데 몰입도가 높고 시간가는줄 모르는 그런류의 영화는 아닙니다댓글 알바인지 포드 영업사원들이 댓글 다는건지운전 좋아하는 사람인데도 중간중간 지루한 부분들도 있고 그래요 
773,크리스찬 연기는 진짜 저때나 지금이나 ㅎㄷㄷ 
774,이걸 영화라고 만들었냐 지루하다 
775,경이로운 픽사의 솜씨 
776,고전영화에 대한 레퍼런스가 별로 없어서평하긴 어렵지만  요약하자면 패밀리를 위해 다 쓸어버리는 이야기인데 그 패밀리라는게 뭔지 전부 다 잃고 마는것을 
778,정말 좋은 영화 망설이지 말고 보세요 최고ㅠㅠ 
779,영화의 모든 순간들이 공감되지않았음  평점에 후한 편인데어떤 영화건 7점 아래가 드물 정도 이건 잘줘도 3점 바바라는 어떤 괴물들보다 충격적이었음 
780,기분 불쾌해지는 영화시간이 남아돌아 돌아버리겠는 사람조차 볼 수 없을 영화 
781,감독 임경택 이름 외우고 다신 그가 만든 영화 안 볼랍니다음악 정채웅 이름 외우고 다신 그가 음악감독한 영화 안 볼랍니다각본 김민 이름 외우고 다신 그가 쓴 각본으로 된 영화 안 볼랍니다배우들 연기가 아까운 영화공감되는 거라곤 언니가 화난 거 말곤 하나도 없는 영화이야기는 설득력 없고 개연성도 없고음악은 왜 이 장면에서 이런 음악이 나오는지 도통 모르겠고 음악이 오히려 영화 보는 걸 방해하고괜찮은 영화라면 최소한 음악이 거슬리진 않을건데 이 이영화는 엄청 거슬려요스토리는 개똥망 어떻게 주인공이 척척 찾아내고 하는지 설명이 없어요 극이 왜 이어지는지 이해가 안 가요 그리고 어떻게 미성년자이면서 장애아인 동생이 유일한 언니가 복역중인 동안 사회에 다른 보호자 없이 홀로 지낼 수 있나요 어디 보호시설이나 보육원에 들어가 있어야되는거 아닌가요 영화 참 대충 만들어요 진짜 최근에 본 메가로돈이랑 막하막하인 근래 본 영화 중 최악인 영화 
782,남주혁의 연기가 좋았어요 영상미와 분위기가 예쁜 영화네요 
783,중국인들의 추악한 비밀을 알게해준 최고의 영화 
784,내 삶 존재 자체가 가치있는거라고 위로해준내가 무엇을 위해 살아가야할지 꼭 정하지 않아도 괜찮다는 답을 준 영화 
785,이렇게 훌륭한 작품 평점이 왜 이러죠우연히 영화채널에서 봤는데너무 훌륭해서 잠을 깨고 영화 검색을 하였는데 국제상도 많이 받은 작품인데평점이 너무 낮네요ㄷㄷ 
786,재미있게봤어요 부산행전의 스토리라보면됩니다 어떻게 좀비들이 발생하는지 
787,전체적으로 잔잔함 편안하게 보기 좋았다 근데 주제가 주제인만큼 빵아 많이 나와서 빵이 먹고싶어지는 영화였다 생각보다 많이 재미있었다 왠지 모르게 다시 보고 싶어지기도 했음 하지만 결말이 흐지부지한 느낌이 있어서 조금 아쉬웠다 
789,생각지도 못하게 삶의 희망을 얻었다 강력한 메시지가 좋은 작품인듯 
790,오매 왠열로 평식이형이 7점이나 줬네괜찮은 영화였고 확실히 영화보기전에 잡소리하는 평론가 평점은 거르는게 답 ㅋㅋ 
791,우리는 어른이 되었고 앞으로도 새로운 이야기를 써나간다 
792,ooo같은영화이런것좀 만들지마세요제발부끄러워 
793,국내영화 중 단연 제일이라고 생각함 
794,반격을 하려면 좀 조용히해라 
795,진짜 조온나 무서웠음 ㄹㅇ 어떤면에서 보면 컨저링에나벨보다 무서운 느낌도 들음ㄹㅇ 초반부랑 후반부 비교하면 공포감면에선 후반이 압도하는느낌 스토리가 억지인 느낌도 없지않아 있지만 그래도 오싹한느낌은 진짜 확 와닿았다 영화끝날때까지 등장인물이 누가누구인지 잘 분간이안가고 반전포인트가 너무많아서 영화의 일부분으로 인물을 믿으면안된다 
796,오랜만에 좋은 영화를 봐서 기분이 좋네요 
797,여자주인공이 영화 내내 징징거리고 질질짜요 ㅠ 진짜 듣다가 짜증나서 꺼버렸음 
798,연출 엉망 영화음악 성의없음 킬링타임조차 안 될만큼 시간 낭비시키는 영화 
799,집을 잃어버린 아이들과 그 가족이 겪을 고통에 대해 생각하게 됩니다 감동적이지만 슬픈 현실을 담았어요 
800,전편을 재밌게 봤는데 후편 망했다는 말들이 들려와도 일말의 기대감을 갖고봤는데기대감 하나 없이 봐도 실망할 영화dc 일 제대로 안하나 원더우편 전편이랑 아쿠아맨으로 기대감이 좀 업됐는데 스토리나 연출이나 개연성이나 제목따라 80년대로 돌아간 너낌 
801,솔직히 마지막 크레딧 올라갈 때가 지림 
802,할많하않 
803,스케일 좋고 고생 많이한 영화네요 
804,포주가 돈떼먹은 혜선이 잡으러 다니는 로드무비 ㅋㄷㅋㄷ 미치겄다 
805,불륜 미화 영화 지금은 맞고 그때는 틀리고 그 이전도 틀린 때가 또 올 수도 
806,초속 5cm 시절 신카이가 그립다 
807,노만리더스때문에 봤는데 이게뭐야ㅋㅋㅋ코믹인지 뭔지 개연성도 웃기고 말도 안되는데 진지하다 
808,이런 밑도끝도없는 원작같으니라고 집에와서 결말 다시검색해봄 5년뒤 밑도 끝도없이 끝 일본원작을 다시 찾아봄 그걸알아야 이영화가 이해가 될듯ㅋ 
809,프로메테우스를 너무재밌게봐서인지기대감을 충족시키기엔 모자르다 
810,읭 중국스러움 윤진서가 아까울뿐 
811,캡틴 마블 자체로 의미가 있다 
812,죽음은 삶의 일부이다엄마는 늘 정진하기 위해선 과거를 정리해야 한다셨죠그리고 마지막 대사가 가슴 속에 남네요저는 복잡한 생각과 실패하면 어떡하지하는 두려움 때문에 선택 실천 아무것도 못하고 있어요 그런데 포레스트는 복잡한 생각없이 매순간 최선을 다하고 자기 할 일을 다해요 그 모습이 너무 부러웠어요 나도 저럴 수 있다면 좋겠다는 생각이 드네요 이 영화에 슬픈 장면은 없는데 왜 눈물이 자꾸 나오네요 5년 전 중학생 때 봤을 때 정말 지루한 영화라고 생각했지만 스무살이 된 지금 보니 정말 많은 것을 담고 있는 영화였네요 저도 포레스트처럼 살고 싶어요 이제부터라도 포레스트처럼 살려고 노력해보려고요 
814,아이언맨 시리즈는 언제봐도 최고 
815,여주 더빙 너무 못함연기도 목소리도 구려서 애니에 집중이 안됩니다여주 나올때마다 진짜 짜증이 남개발암 캐릭터에 맞는 발암 더빙을 원하신거면 성공하셨네요 
816,킬링타임용으로 무난함옛날영화라그런지 연출과 스토리에 진부함이좀있다 
818,해석하기 아직 어렵지만 믿을건 진실된 것 그리고 아이들은 희망이고 꿈이다 
819,오구리 너무 귀엽다 영화도따뜻하다 
820,전반적으로 무난한 구성저스틴 팀버레이크 연기는 눈이 썩음 
821,코로나로 몸도 마음도 지친 어른들을 위로해주는 영화 눈물이 계속해서 났다 힐링되는 영화다시 찾자나만의 불꽃 
822,그 때에 그들이 있었기에 지금의 우리도 있습니다가슴 깊숙이 감사한 마음안고 살아야지보는내내 눈물이 가득했던 꼭 알아야 할 이야기 
823,평점 높은 이유가 있네요 장르가 코믹 섹시 스릴 히어로물이에요 
824,어려운게 아니라 불친절한영화 
825,실제로 이렇게 못사는 사람들을 도와주는 조직이 있으면 좋겠네요 
826,남주혁 연기 많이 늘었더라 근데 장애인 비하도 아니고 이런 허황된 ㅈ본 감성영화는 돈 주고 만들지마라 이 감독 영화는 다시는 안 볼란다 
827,별점하나도 아깝다여자의 나체밖에 볼 것 없는 영화무조건 섹스는 강간 그걸 성에 눈뜬다고 하는지 정말 역겹다 
828,잼있음잼있습니다꼭보세요 
829,역시 고전명작   참 많은걸 생각하게 해주는 쌉명작 
830,정말 재밌게 봤다 힘을합쳐 오랑캐 중국놈들을 물리친다는게 감동 
831,잔잔한 영화였지만 결말은 후련하네요 
832,순수한 열정 사랑을 가진 사람이 그려낸 이야기 
834,코믹물 아예 안보는데 권상우땜에 봤다가 대박 진짜 재밌음어설픈개그넣는거 젤시러하는데 이거는 진짜 웃겨 ㅋㅋ 재밌어 ㅋㅋ 히트맨2탄도 나왔으면 좋겠네요 권상우는 역시 너무 진지한거보다 개구쟁이가 어울린다 
837,장혁의 액션만으로도 기대되고 볼만한 영화 장혁이란 배우만으로도 보고싶은 영화 
838,2013년에는 통했을지 모르겠지만 8년이 지난 지금은 이런 영화 안통함 안보는게 시간 절약 
839,아이슬란드 여행 정말 가보고 싶었는데 잘 봤어요 코로나 진정되면 꼭 직접 가겠어요 월터처럼 
840,진짜 감독님은 천재시다 14년기다린보람이 있었다 
841,누가 포스터 디자인 했는지ㅋㅋ 유아동 영화도 아니고 
842,화려한 출연진에 비해 b급 같네요 
843,인생영화에 등극입니다새벽에 눈물흘리며 봤네요ㅠㅠㅠㅠ 
844,삶에 대한 생각거리를 주고 위로를 받았던 좋은 영화입니다 
845,스릴있었고 연기도와 몰입도도 나쁘지않은편 반전엔딩이 나쁘다는 평도 많던데 잘 생각해보면 그런 엔딩이 무난했을듯 
846,처음부터 끝까지 몰입하게되네요 재밌게 봤어요 
847,많은 생각을 하게 해준 고마운 애니메이션 늘 좋은 대학 좋은 회사 늘 거창한 목표가 정해지고 그 목표를 달성 하기전까진 주변을 둘러보지 못했던것 같은 느낌코로나 사태로 일상적인 것 까지 하지못하는 지금 많은 공감과 워로를 주는 애니메이션입니다 
848,인터스텔라 너무 재밌게 봐서 엄청 기대하고 봤는데 기대 이상이라 놀란 감독한테 다시 한 번 놀람 어떻게 이런 스토리를 만들 수 있는지 너무 신기하고 대단할 따름 또 다음 작은 뭐가 나올까 기대 중 
849,진짜 코믹했다코미디같은 코미디 
850,정인 엄마에게 전해주고 싶은 메세지 입니다당신에게 가족은 어떤 의미 인가요책임감에 대해 되돌아 보게 되는 영화 
851,먼저 본 친구한테 슬프다고 눈물 나온다고 미리 이야기를 들었음에도 보면서 눈물콧물 다 흘렸네요 어흑 해피엔딩 너무 좋아요 
852,전종서님 연기 진짜 미쳤음 몰입감 최고캐릭터에 매료됐음 
853,영화제목대로 되었다 이 영화는 클래식이 되었다 
854,지렸다매즈 미캘슨 oo다 
855,고구마 1936282827272개 먹은느낌 
856,음잔잔한 일본 영화네 하다가 심장이 탁 떨어지듯 눈물이 후두둑 떨어지는 지점이 있다 
857,최애 작품인 아프리카에 배추가 자라나는 단연 돋보인다여러번 보아야 더 의미가 와닿는 그런 영화 
858,재밌었는데 평점이 낮길래 높이러 ㅋ 
859,시간 잘가네ㅋ 잼나게봄 
861,이은주가그리워 그리고 니가 그리워 
862,일본 원작을 감명 깊게 만들었던 설정의 감동은 그럭저럭 남아있고 두 주연 배우는 나쁘지 않다 하지만 불필요한 캐릭터와 유치한 웃음 그리고 진부한 신파는 완성도를 떨어뜨린다 
863,한 번만 보기 아쉬워서 여러번 볼 예정이에요 
864,두 주연 배우의 연기는 좋다 하지만 핵심에서 벗어난 이야기들을 산만하게 진행해서 몰입이 떨어지고 쓸데없이 잔혹한 것은 거부감이 든다 인물들의 행동은 이해되지 않고 전개엔 빈틈이 많다 
865,후반부 몰아치는 반전들은 전체 흐름과 개연성을 무너뜨리지 않기에 무척 인상적이고 거짓과 진실 사이의 공방전에서 드러나는 인간의 악함이란 요소도 잘 느껴진다 
866,추천해요 눈물나게 웃겨요 ㅋㅋ 
867,본지 한참되었지만 정말 인상깊은 영화였어요 
868,내 인생 영화 몇번을 봐도 재밌다 
869,이 영화는 일단 봐야합니당 믿고 보는 배우들 많이 출연햇네요  미스테리극이지만 영화 속에서 친절하게 설명해줘서 보긴 편햇어요  무섭긴하네요  
870,대사는 감정의 노출 시퀀스는 감정의 혼합물 영화 전반은 혼합된 감정의 응고물 양조위의 연기는 감정 그 자체 
871,카타나는 왜 있는거임 발연기 몰입도 다 망치네굳이 왜 있나 싶네이걸 왜 2탄씩이나 만들지 
873,참신하고 스릴있습니다 
874,정말 감정 표현이 훌륭합니다 
875,재미가 없었어요 다른 관객분들도 나갸면서 돈아까웠다고 하시더군요약간 음산한 효과음이라도 많이 있으면 낫지 않았을까 싶어요 
876,제5원소 제목부터가 스펙터클 하다 천재감독2021년에봐도 20년전 영화같은이질감이들지 않는다 배우연출스토리영상미까지 어느하나빠지는 요소가없음명작 
877,올리버 너무비겁해 
878,이보다 더 순수하고 이기적인 사랑이 있을까 ㅎㅎ 
879,로봇도 메간 폭스도 한물 가기 시작 
880,현재 진행중인 인생이란 연극 중에서도 어느 하나 중요하지 않은 인물은 없다 삶의 불확실성에서 ng라는 착각 한 번 나지 않으려 발버둥 치는 각자의 처연함이란 
881,10년이 넘어 다시 봐도 로봇들의 변신보다 눈에 들어오는 건 리즈 시절의 메간 폭스 
882,무한의 상상력으로 띄워올린 유한의 메시지 
884,아빠와 어린이로 돌아가 그 바닷가에서 손잡고 그 짧은 순간에서 이별이 끝이 아니기를 바라는 그 순간이 다가오는게 너무 슬펐다 영원히 잊혀지지 않을 장면이다 
885,생각을 많이하게 되는 영화였어요그냥 꼭 보세요 
886,다시 봐도 소름연출도 기가 막히고 연기력 하나는 끝내줌 요즘에 나오는 영화는 도대체 하나같이 재미가 없음 
888,돈이없었으면 딸을 살릴 수있었을까돈이면 다 되는 세상좀 씁쓸하다 
889,무겁다 못해 짖눌리는 소재를 이렇게 위트있게 연출하다니 영화를 위한 영화가 아닌 사람을 위한 영화 대단합니다 
890,코코는 너무 재밌게 감동적으로 봤는데 이건 별로였어요 보면서 지루하진 않았는데 캐릭터가 매력없고 개인적으로 스토리도 와닿지 않았어요 
891,누구나가 인생에서 허무함을 느낍니다 하지만 지금 이 순간은 다시 돌아올 수 없는 소중한 시간입니다 누군가가 그토록 누리고 싶어했던 시간 지금 숨 쉴수 있음에 감사해야죠 
892,아아수라 후속편 
893,꼴페미 앰흑 영화 
894,장국영 전화씬에서 울었다ㅠㅜ이것도 명작이긴 한데 1이 더 좋음솔직히 장국영 죽는 건마음 찢어져 
895,이 시대 최고의 배우 연걸이 형님 
896,운동권 미화 영화의 느낌이 강합니다 
897,이건 아니다 싶다안보는것이 전편의 감흥을 위한 방법너무하다음악도 약해아오 
898,레전드 작품 두고 두고 오래 볼 영화 ost만 들어도 그 시대 그 감성 딱 떠오른다 
899,재밌어요 요즘 보면 딱 좋은 영화 
900,눈물이 멈추질 않습니다ㅠㅠ 
901,마냥 로맨스가 아니었고 우리는 시간을 되돌리고싶다는 생각을 자주하지만 시간을 되돌리지 않으며 진정한 행복을 찾는 주인공이 멋있다 그리고 아버지 장면이 제일 기억에 남음 
902,오랜만에 좋은영화 봤네요적극추천합니다 
904,가볍게 볼 수 있는 영화 카드 날리는 분 나왔을 때 웃겨 죽는 줄ㅋㅋㅋㅋ그리고 장국영 주윤발 너무 멋있음 
905,오만가지 감정을 담은 몸짓 
907,유재석 까지 버텼다 내 항마력은 딱 거기까지였다 넘은자 있는가 
908,2번본뒤 이해와 반성최고의 연출 많이복잡하네요연희의 시각으로 계속보다가 결국 연희화 되네요몰입감 최고입니다 
909,돈많이 들인 지루한 가족영화 
910,2000년에 극장에서 보고 오늘 넷플릭스에서 다시보니 참 명작이구나ㅜㅜ 추억에 잠겨본다 
911,믿고보는 픽사가 와 픽사인지 또 한번 느낀다 애기들의 전유물인 애니메이션을 넘어 왜 성인이 봐야하는 것인지 철학과 답답했던 숙제 해답 치유되는 느낌을 받았다 나는 치유되면서 눈물을 참았지만 집으로 가는길 내내 눈물을 참아야만 했다 
912,패미스러운 영화라 너무좋았음 
913,외로움에 지쳐 기댈 곳이 필요했던 정서적 사랑 
914,영화는 끝났지만 영화 속 이후 스토리가 궁금해진다 
916,당시 시대를 그대로 옮겨온 듯하다 지금으로부터 15년 전 영화라는 것이 믿어지지 않았다 공간의 이동이 그리 많지 않았음에도 밀림의 모습 전체를 본듯한 느낌을 주고 당시의 시대상에서 삶과 죽음이 지금처럼 멀리 있지 않음을 느껴 생과 사에 대해서도 생각해서 보게 되었던자연속에 지내던 인간 본연의 모습을 본듯 하다 
917,이거 b급 코스프레하는 은근명작임 현대사회 계층간 딜레마적 요소를 지루하지 않게 담았다 
918,첨부터 범인이 누구인지 딱 알게끔 만들어 전혀 반전은 없었다  반전을 어떻게 법정에서 풀어나갈까 집중해서 봤는데 전혀 엉뚱하고 급작스럽게 해결이 돼서 허무했다 수작은 아님 
919,스토리 탄탄하고 메시지도 좋은 웰메이드 한국영화 다만 아쉬운 건 김상경 대사들이 좀 연기는 좋은데 너무 대본스러움 
920,넷플릭스에서 잘 골라 본 재밌는 영화 
921,그냥 짜증나고 어이없고 대충만든영화 
922,픽사들은 천재들이 분명하고요이런 영화가 정말 많이 나왔으면 좋겠습니다ㅠㅠ너무너무 행복해써요 
923,배우들 연기 너무 잘하고 웃긴 포인트 많아서 가족끼리 재밌게 잘 봤어요ㅎㅎ 새벽에 잠 안자고 열심히 봤습니다 
924,충격에서 시작해서 사이다로 끝나는 짜릿함ㅜㅜ 
925,다음에 또 볼것같아요 연출이 굉장히 훌룡합니다 
926,진짜 별로일것같았는데 엄청쫄깃쫄깃 하면서 재밋네ㅎㅎ 
928,2011년에 미래를 봤구나 
930,정말 사랑할 수 밖에 없는 왕가위표 명작 영상미와 연출 스토리 ost 어느하나 놓칠 수 없는 영화 봐도봐도 감동의 눈물과 가슴에 남는 아련함 나만이 간직하고픈 감정 평생 아껴둘거예요ㅜ 
931,사랑하는 마음에는 그 어떤 조건도 필요없죠그져 흐르는 강물처럼 가슴 가득히 아득할 뿐이네요 
932,킬링타임으론 괜찮은듯너무 기대없이 봐서인지 스토리없이도 무섭게 잘봄 
933,2021년 민주주의를 외치던 좌파 정부 주도하에 공수처가 출범해서 권력을 지키려고 합니다 살아있는 권력을 잡는 사람을 살아있는 권력이 뽑는 균형과 비례의 원칙을 벗어난 정책 역사는 반복된다 
934,연기력과 스토리 다 좋았음 
935,공상과학 영화의 볼거리는 있으나 공간과 배경에 대한 이해를 돕는 설명은 부족하고 사이보그의 사랑에 대한 감정이입 또한 어렵다 후속편을 위한 시작에 불과하다 
936,불편해 보이는게 불편해 사람이 보이는 영화 
937,일본에서의 추억을 떠올리게 해줘서 고맙습니다 영상의 찬미에 뜨거운 호응을 보냅니다 
938,은근재밌네요헨리은근연기잘함 
939,너무 좋아요 내 순수함은 어디갔을까 싶네요잔잔하게 오래 여운이 남아요 
940,지루했고 뻔한 감동스토리 
941,인생에 대해 az까지 다 논하려고 했던 시도는 베리 굿 내가 가진 가치관과 다소 비슷해서 재미있게 봤음 그런데 너어어엉어무 다 다루려고 해서 한 부분에 큰 임팩트가 없던 것은 아쉬웠음 그리고 주인공과 22와의 개연성이 조금 부족하다고 느껴짐 
943,최악의 영화였다 어떻게 이렇게 
944,별 기대 없이 보았는데 김혜수 배우님의 새로운 인생작이 아닐까 생각될 정도지금 우울한 분들이라면 시청하세요 
945,어린이들은 이해못할 어른이들의 삶 크면 느낄수있다 
946,평점 낮아서 안봤었는데 충분히 볼만하네요  와이프 의사녀 아들친구의 딸 ㄷㄷ 영화같은 삶을 살고 싶다던 말이 떠오르던데 딱 그렇구만요 아저씨 제가 열살이되면 아저씨는 삼십살이죠 제가 이십살이되면 아저씨는 사십살이구요 삽십살이되면 오십살 사십살이되면 육십살  처음에는 세배였는데 그담에는 두배구 그다음엔 16배 15배 점점 줄어들어요 신기하죠   
947,사대부에 치여 장영실과 훈민정음 사이에서 고민하는 세종 그런 세종을 위해 결심하는 장영실중간에 졸지 않는 이상 스토리와 전개 이상할게 하나도 없는 영화인데 본인들이 이해 못했다고 별점테러식으로 점수 주는건 좀 아닌데 
948,노잼 노잼 노잼 중 노잼ㅋㅋㅋㅋ 초반 지루하고 후반 갑자기 퍄뱤 나오는데 그마저도 개연성도 없고 이상 
949,샤사 루스라는 배우의 발견 
950,좋았습니다다 한지민씨 연기도 너무좋고 주혁씨도 좋고 호랑이 나올때 좋더군요음 잔잔하니 갠적으로 재밌게 봤습니다 몇번 빵터지기도 밥먹구가 할때마다 볼만해요 좋아요 
951,인생의 순간순간이 참중요하다는걸 다시한번느꼈네요 소울보시면서 좋은시간되시길바래요 어른영화라 아이들은 별로공감못하더라구요 
953,스산한 분위기의 연출 기법이 독특하고 액션도 좋고 김옥빈 연기도 좋고 스토리도 아주 참신하진 않지만 충분히 몰입감있음 떡밥을 완전히 회수하지 않고 어느정도 해석의 여지는 남기는 것도 매력있었음 해피앤딩과 밝은 분위기를 원하는 사람들은 괜히 보고 악평 남기지 말고 어둡고 슬픈 느와르 좋아하시는 분들은 보세요  859 정도 평점이 적당하다 생각하는데 너무 저평가돼있어서 10점 드립니다 
954,영혼을 어떻게 사랑해야하는가 애 대한 참고서같은 영화 
956,정신병이 이렇게 무섭습니다 
957,감동 그 자체 시방 열자 개싸증 
958,타짜2는 무슨 코메디같더니 타짜3는 재미없다 재미없다 이래서 안보다가 넥플릭스로 봤는데 2보단 잼나고 1보단 여운이 적긴하네 근데 재미는 있네 
959,코로나시대에 남다른 느낌으로 본 좋은 영화였어요진실된 사랑영화는 역시꿈 꾸게 하는매력이 포인트 
960,개인적으로는 레미제라블 보다 더 감동적이었던 작품 뮤지컬 영화는 역시 휴잭맨 
962,그냥 67점짜리 영화 갤가돗이 처음나온 원더우먼 거기서 끝내야했음 
963,이렇게 편집 촬영 연출이 모두 세련되다니 생명의 무게는 무겁습니까 
964,한국 멜로의 정수라고 밖에 
965,마블 l love you 3000 3번째 보는 건데 하나도 안질린다 
966,방금 수준높은 ebs에서 해주길래 뭘까 하며 봤어요 지난번 가을의전설 ㅡ브래드피트의 매력이 듬뿍있던 그런 영화려나남주는 어디서 많이 봤는데끝날때 이름보니 저 젊었을때 많이듣던 배우네요 하하 여주인공은 왜이렇게 예쁘고 우아한지요 젊을때 봤다면 읭 했을 영화인데 사십넘어 보니 먹먹하네요 모든것이 빠르고 감각적이고 누르면 튀어오르는 요즘 세상에서 이렇게 서정적이면서도 한장면도 놓칠수 없이 몰입하게 만드는 영화는 드물어요 노튼의 눈빛의 사려깊음이 보이는 나이라니 부부란 뭘까를 고민하는 분들이 보면 좋을 영화네요 엔딩이 참현실적이지만 그마저도 그냥 받아들이게 됩니다 키티는 진정한 사랑을 겪고 성숙하지요 정말 잘만든 영화 생각이 많아지는 밤입니다 
967,기대보다 잘 만들어진 영화 생각보다 흥미진진하게 보다가 후반부가 살짝 진부함 
968,알바아닌데 재밌네요 ㅎ 평점보고 영화보는데 극과극인데 추억이돟네요 남자는 특히ㅎ잘봤다요ㅎ어색함도 고등때라 공감되는 영화 
969,아무생각 없이 봤는데어릴적 디지몬을 좋아하던 내 모습이 기억나며 지금의 내 모습으로 감명깊게 눈물 흘리며 본 영화 
970,생각보다 여주들 상큼함 전성기 설현 전성기 하니 닮음 
971,긴 말 않고 한국 영화의 적폐 
972,워낙 학교폭력에대해 생각하고는있엇지만 정의없는건폭력이고 그명대사가 잊혀지질않네요 저 공수도라는 영화를통해 학교폭력이없어졌으면 좋겟습니다 
973,재미있구만 시원시원하고 귀욤귀욤하고마블 중에 손꼽히는 작품이구만 
974,영화가 재밌어질라니까 끝나네전혀 공포감 없는 공포영화 
977,가까이서 보면 비극 멀리서 봐도 비극 
978,이게나라냐 가슴이먹먹하고고통스럽다 
979,코난 시리즈 중 내 최애 영화 등극 역시 검조가 나와야 재밌다 
980,장혁 연기는 뭐 그저 갓 
981,너무재밌고감동 ㅠㅠ 자기 감정에 충실 하자 
982,김래원 이민호 너무 멋져요 가슴 짠하네요결말이 슬퍼서모든 배우들도 다 잘했어요아직도 여운이 남네요 
983,저능 왜케 하나두 안무섭죵하핫더무서운거 보구싶어요 구신이 넘 귀여운뎅 
984,명작 한번 보시는거 추천이욯ㅎㅎ 
985,최고입니다 진짜 모든게 최고인데  너무 죄가 한국은 법이 낮네요 안타까워요 외국에서도 안타깝다고 인터뷰서 했네요 안타깝습니다 
986,재밌었음 10점짜리 영화는 아니지만 남자 평점이 비이상적으로 낮아서 10점 줌 
987,역시 디즈니 아버지와 동생이 생각나는 밤입니다t t 
988,리암니슨에 익숙해진 사람이라 다른배우의 이런류영화는 그냥 그런듯 
989,엄청난다 마지막 장면은 정말이지 
990,어휴 ㅡㅡ 돈 들여서 이 딴 ooo기 좀 만들지마라 
991,사라진시간과 비슷하게 소리도없이끝난영화 
992,왜 코난 팬들이 코난 극장판 시리즈 중 제일 최고의 극장판이라고 말하는지 알 수 있다 
993,처음 캠핑장 도착해서 관리인이 몇명이냐고 물어보고 대답할때 벌써 스포당해버림 
994,언니 가슴 뿐이 안보여 ㄹㅇ 
995,애니매이션을 보고 이렇게 가슴이 탁 막히는 먹먹함을 느끼게 될 줄이야 내가 이 세상에 태어나 접한 모든 이들이 나의 멘토였네요 내가 너무나 당연하게 누리고 살았던 한 순간순간에 대한 감사함 일찍 작별을 고하신 울 엄마가 가지지 못하셨던 오늘의 소중함 울컥했어요ㅠ이제 인생의 반을 살아온 제 나이에 접한 참 고마운 영화네요 조금 어린 친구들은 지루하다고 느꼈다고 하시는 부분이 저에겐 단 1초도 없이 매 장면이 감동이고 놓치기 싫었어요 10살 딸아이는 소울들이 너무 귀엽고 유쾌한 영화였다며ㅋㅋ 연령에 따라 받는 재미와 감동의 포인트가 각기 다른 역시 명불허전 갓픽사 평점 10점으로도 부족해요 다들 마스크 꼭꼭 눌러쓰고 극장가세요 마스크의 답답함을 날려주는 큰 선물을 받고 영화관을 나서는 경험 함께 해요 
996,검조 에피는 다 몰입감 있게 보게 된다 
997,슬프고 감동적인건 주변에서 다 스포를 해서 결론은 알고 있었지만 이렇게 슬프고 감동적인줄은 몰랐음 ㅠㅠㅠㅠ 
998,누가 안무섭데ㅡㅡ밤에 집에서 혼자 보는데 ㅈㄴ 무섭고만 cㅂ절대 절대 절대 절대 절대 절대 절대혼자있을때 보지마세요진심 ㅈㄴ무서워요 
999,맨인블랙 패러디임 끝까지 보긴 햇다만 어린아이들은 좋아할것같다 그래픽도 안좋고 재미 없음 
1000,2가 나온 줄도 모르고 이제서야 봤는데 보기 전 평점 읽어보고 기대 안하고 봐서 그런가 나름 재밌게 봤습니다 전작 배우들이 보여서 반가웠어요 
1001,엄청 재밌지는 않지만 편안하게 잘 볼 수 있었습니다 연기자분들 발음이 귀에 잘 안들려서 좀 아쉬웠지만 전체적으로 재미나요 
1002,이게 뭐지 영화속 인물들 공포에 질린 얼굴들만 보이고 보는사람은 전혀 안무섭고 뭐가 뭔지 모르겠음 지들만 무서워하고 있음ㅋㅋ 웃김 
1003,볼때마다 위로가 되는 영화 
1004,월터가 너무 괜찮은데 키티가 너무 늦게 알아서 마음이 짠 했네요ㅠ 
1005,마지막에 다 망침 
1006,좀비에만 집중하지 않은 괜찮은 영화  몰입감이 장난아니다 
1007,실제 박희순 성격일듯 오바 연기 너무 꼴불견 
1008,전종서가 하드캐리한 느낌 
1009,이런류 영화의 공식 겁나 멍청하고 발암캐릭터 여주허무한 엔딩 경찰은 항상 마지막에 출동끝그럭저럭 시간때울정도는 됨 
1010,와 시나리오 잘썼다 미장센도 있고 
1011,비발디 사계중 여름 
1012,원작이 워낙 명작이면 영화가 따라오지 못하는 경우가 많은데 이 영화는 그런 불안감을 말끔히 해소 시켰고 퍼펙트한 영화였다 중간중간 흑인들의음악은 제이지의 현대음악으로 위트가 있었고 레오는 개츠비 그 자체 였다 
1014,초딩 저학년은 영화를 봐도 잘 모르는 눈치쬐금 아주쬐끔 지루해ㅆ고 재미있었어요 
1015,일단 보다 졸았고 보는 내내 드라마 시그널 영화 나비효과 생각났다 그래서 신선함이 단 1도 없다 
1016,너무 답답해서 암이 걸릴거 같음영화 본 시간이 너무 아깝다 아오 ㄱㅐ같은거 
1017,기술은 발전했지만 중국식 신파 sf 
1018,배진웅 그 유명한 배우 나왔네 
1019,말이 필요 없네요 오랜만에 보는 수작 입니다꼭 볼만한 가치가 있네요출연진 연기가 최고 입니다 
1020,난 귀가 가장 즐거웠다 음악과 음향이 만점이었다 영화가 왜 종합예술인지 절감했다 
1021,데이지에 대한 개츠비의 사랑이 무엇인지 어떤 것인지 알거 같고 느껴져 더없이 설레이고 가슴 져민 영화였다 그것을 오롯하게 연기한 다카프리오에 박수를 보낸다엄지 척 
1023,아침부터 울면서 봄 일상의 소중함 
1024,호아킨 피닉스는 확실히 이 영화에서 연기가 아닌 예술을 보여줬다고 생각함 안광이 무서웠다 하지만 내용은 살인자의 변명에 불과하다 이해하고 싶지 않다 
1025,20대때 처음봤을땐 지루하고 습한 느낌 가득했으며 뭔가 우울한 영화라고 생각했다 마흔에 다시보게된 이 영화엔 너무 많은것들이 새롭게 보여서 내 감정들이 파도친다 
1027,책도 읽었지만 데이지가 과연 그럴만한 가치가 있는 여자인가란 원초적 생각이 들다가 전쟁 직후 세계강대국에 오르기 전의 근본없던 미국이 가지고 있던 낙관적 태도 꿈 희망적인 것들과 개츠비의 유사성을 알고 나니 데이지는 중요한게 아니더라 
1028,스릴 감동 모두 느껴져요픽사시리즈 중 가장 좋아하는 작품 
1029,그냥 보다 보면 눈물이 흐른다 내 삶도 의미 있구나 너의 것들을 좀 더 사랑해야지 
1030,개봉당시에는 몰랐는데 다시 보니 전도연 참 젊고 이쁘다 성형괴물들의 세상에서 아름다운 보석같은 여배우로 힐링했다 당시 전도연 32살이었는데 왜케 애기같고 이쁜지 
1031,한 표의 행사를 위해 그 많은 희생이 필요했다 
1032,역사를 영화로 재탄생 시켜주셔서 감사합니다좀 더 많은 사람들이 이 영화를 보길 바랍니다 
1033,모든 감정을 담아내는 눈빛 
1034,중간에 영화를 끄고싶을정도의 불편함 
1035,22살인데 보다가 울었다 ㅠㅠ 감동적이고 난리 존잼 흙흙 
1036,인생의 나침반 같은 영화 
1038,내 돈 시간 보지마셈 
1039,배우들의 연기력과 외모에 빚진 영화 
1040,이런 스릴있는영화는 극장에서 개봉했어야하는데 참아쉽다 중간중간 암걸리는전개도 있었지만 진종서 연기가 너무 소름돋았음  상도 받았을텐데 
1041,생각보다 너무 재밌고 감동적이에요 
1042,잔잔하고 끝까지 흥미롭게 봤어요 배울점이 많은 영화인 거 같습니다 
1043,볼만한영화 ebs에서 봤는데 영화관에서 보다 tv로 보면 딱좋을듯한영화 이런사랑도 있다는것을 보여주고있네요 철이없어 재미로하는 사랑할때 그때는 몰랐고 뭔가 진실함애듯함이 왔을때는 때는 늦으리 영화스토리답다 
1044,너무 재미있게봄 슬프면서 재미있음 
1046,재미있다이런영화좋앙 
1047,여자라서 그런지 느와르 장르 별로 안좋아하는데 비열한거리는 진짜 수작인거같아요 연출이며 스토리며 연기며 정말 잘만들었어요 민호 진짜 비열해서 짜증나고 조인성은 넘 멋있는데 결말에서 너무 불쌍해요 그리고 여기 나오는 인물들 다 비열한데심지어 병두도 그 중에도 민호가 제일 비열함 
1048,사랑합니다 에드워드 노튼ㅠㅠ 
1049,저 얼굴을 어떻게 사랑 하지 않을 수 있을까 보는 동안 내가 연애 하는 것 같았다 큐대 끝자락 연애라니 귀엽고 조금 가벼운 마음으로 보기 좋았다 헤일리 루 리차든슨도 우는 연기 감정 잘 잡고 콜 스프로즈는 눈빛이 섹시했다 너무 사랑 한다면 놔줘야할 때도 있다는 대사에 뇌리가 남는 가장 좋은 예시의 현실 영화 한 장면에서 온기가 닿고 안아 준 적 없었다는 것에 숙연해지고 닿을 수 있다는 것에 감사하게 되며 실제로도 병을 가진 사람들이 본다면 현실은 어떻게 느낄까 그리고 그들을 응원해주고 싶은 마음이 들었습니다 
1050,에드워드 노튼 나오미 왓츠 최고의 배우들의 만남가슴이 먹먹해지는 사랑ㅜㅜ 
1051,성별갈등 조장영화 
1053,그레이브 인카운터 하위호환이미 그레이브인카운터같은 페이크다큐 호러를 본 사람은 그냥 비슷한 부분만 인지하게 되고 공포는 못느낀다노잼 
1054,이수짱 이수형 여기서보네요 형님최고 
1055,공포영화 좋아하는데 나한텐 진심 1등영화잠설치고 가위눌리고 무지 무서웠음 
1056,안맞으면 제발 일찌감치 헤어져라 
1058,재미있게 시청했어요 킬링타임용으로 괜찮아요 
1059,이거 진짜 너무 재밌게 봤는데ㅋㅋㅋ추억이 가득한영화 
1060,이런 영화가 있었다니잠안와서 뒤척이다 영상미에 틀어놓은게 끝까지 다 보게되네사랑은비극이다무슨 죄를 많이 지어 또 사랑에 빠지냐고마지막 웃겼슴불륜남 또 시간많대 
1061,로맨스는 너무 뻔해서 잘안보게되는데 진짜 재밌게봤다영상미 스토리 연기 다좋았음동양과 서양을 다볼수있고 결국엔 사랑을 찾아나가며 어디로 튈지 모르게 전개되는 내용이 내취향다때려박은느낌 
1062,서론이 너무 심각하게 길어 심각하게 지루하네요중후반부 부터는 볼만한데 초중반이 보기힘드네요 
1063,좋다구 이런거 콘택트도 그렇고 이런 색감이랑 휴머니즘과 아련한 추억이 섞인 sf물 
1064,사랑을 믿지않았었는데 이 영화가 내 생각을 살짝 바꾸게한다해피엔딩이었었으면 좋았을텐데ㅠ 
1065,아 그냥 최고ㅜㅜ 2007년 영화였다니부부가 같이 보시길 강추합니다 
1066,오래전보고오랫동안 여운이남았던영화인데월터너무멋있고 나오미왓츠두진짜이뻤어요 
1068,이혼 선언하는 여자는 소비를 아주 주체적으로 하고 이혼 당하는 남자는 전 하나 살 생각을 안 하고 ㅋㅋ 아 그 영화 한번 내용 알차네요 ㅋㅋ 
1069,갑자기 나타나는 빠른 전개가 당황스럽다 태어나는 것에 귀하고 천한 것은 없다는 말하고자 하는 바는 알겠으나 내용 전개를 확실히 풀어내 나가지 못한 것은 아쉬움으로 남는다 
1070,무슨 90년대 싸구려 홍콩 느와르보다 못한 전개라고 할까나  액션씬 타격감도 없고 한 두방에 다 픽픽 쓰러지고  어휴 ㅠ 
1071,시간가는줄 모르고 봤던거같다 여운도 길었고 거의 라라랜드급의 인생의 파노라마를 보여주는 연주곡도 너무 좋았고 뭔지모르게 울컥했던거 같다 
1072,에드워드노튼  반전매력 
1073,너무 감동적이였고 또 보고싶어요 
1074,택시 운전사나 변호인 태극기 휘날리며와 같이 지난 우리 역사를 진중하게 돌아보는 작품을 기대했는데 그런건 전혀 없었다 마치 외계 벌레 대신 일본군이 나오는 스타쉽 트루퍼스 같았음 
1075,그냥 인생영화 계속 생각하는 영화 
1076,아오 아줌마뇬 화딱지나네 
1077,이 영화는 레게노 그 자체다 이 영화는 90년대 생들의 심금을 울리는 영화이다 그 당시 우리와 같은 나이대였던 태일이가 우리와 같은 시간을 보내고 대학생과 사회초년생이 되어가는 우리에게 와닿는 문제들과 같은 것을 고민하며 90년대생의 공감을 이끌어낸다 영화 중간 중간 삽입된 장면과 ost가 치열한 경쟁속에 바쁜 삶을 살아온 우리의 인생에서 저 멀리 묻어두었던 어린시절의 추억을 다시금 끌어내게한다 영화보면서 울어본적이 언제인가  근 몇년만에 질질짜면서 봤다 진짜 이영화는 레게노다 
1078,그래서 서로를 뺀 모든 걸 가진 그들은 결국 행복할까 
1079,싸이코 시에라 사기대작전 
1080,잔잔하게 보기너무좋고 사랑하는 사람과의 관계가힘들다면 더 보기좋을것 같네요 
1081,꿀잼명작인데 사람들이 모르네 
1082,다시봐도 눈이 호강이 되는 영화이다ㅎㅎ 
1083,평을 안적을 수 없게 만드는 수작입니다 아이들에게 꼭 보여주고 싶은 영화 입니다 아이들도 평생 마음 속에 간직하지 않을까 싶네요 극장에서 못 본게 안타깝게 느껴지는 명품애니 입니다 
1084,마지막에 펑펑 울었네요 
1085,비현실적이지만 대리만족할 수 있어 가슴만큼은 따뜻했어요 모든 사람들이 다른 사람에게 해를 끼치지 않을 것을 고심하며 산다면 세상은 좀 더 아름다울텐데 ㅠ 
1087,지루함이 1도 없이 영화가 훅 진행됩니다아기꼼 넘 이뻐이뻐  저 모습들을 어떻게 담아냈는지 신기합니다 touching  
1088,부모에게 아이는 몇주부터가 아니라 생기는 순간부터 소중한 존재라는걸 깨닫게해주는 영화였어요ㅜㅠ 엄마가 애비한테 해준 말이 안떠남 
1090,쩐다 이게 어떻게 대학교4학년 졸업작품이냐 
1092,정말 아름답다 사랑이란게 이런거지 평론가들은 다 미혼인가 참으로 불쌍하다 깊이 몰입해 본 영화가 한편이라도 있을까 영화를 온전히 감상할 수 없다니 참 안좋은 직업 
1093,약간 코엔 형제 삘나는 영화 우연히 캐스팅 때문에 봤다가 2시간을 몰입해서 봤다 잔잔하지만 그 만큼 힘이 있는 영화 같다 감독의 차기작이 무척 기대된다 
1094,감동적이고 교훈적인 애니메이션이었으나 조금 심오한 내용이 담겨져 있어 지루하게 느껴지는 구간들이 있었습니다 
1095,후반으로 갈수록 급전개 깊이가 없어짐 
1096,하나 같이 다 공감된다 
1097,요새 개봉되었으면 천만은 찍었을듯 정말 유쾌한 영화 
1098,잔잔한듯 알찬 영화좋았다 
1099,김가은 조낸 이쁘다누가 결혼할지 모르겠지만  전생에 나라를 구한 사람일듯평점은 김가은에 대한 나의 마음 
1100,30대 여성입니다 개인적으로 여자들이 공감하기는 좀 힘든 영화같습니다 감동도 재미도 액션도 스토리도 그 어느 것에도 아무런 감정도 느끼지 못했어요 영화볼때는 웬만하면 10초 앞 버튼 안누르는데 정말 많이 눌렀어요 계속 언제끝나를 외치며 본 영화입니다 많이 지루했어요 
1101,웃긴 영화인줄 알고 봤는데 세상 교훈이 넘치고 감동도 넘치고 음악도 넘치는 영화 ㅠㅠㅠㅠ 인생영화 등극했어요 앗 물론 재미도 넘쳐용 
1102,와 너무 재밌다ㅠㅠㅠ영상미 연출 내용 뭐하나빠지는게 없이 몰입도도 장난아님 오랜만에 너무재밌게본영화 
1103,정말 재밌게 봤네요어른들을 위한 동화라고 해야하나 많은 생각을 하게 합니다 
1105,영화를 보면서 디테일이 살아있어서 내가 뉴욕거리에 있는 것 같고 음악과 캐릭터에 감정공감이 잘 되서 울었습니다 
1106,감동받고 배움도 얻고 어른이 힐링 최고봉 
1107,에드워드 노튼의 명연기가 아름다운 배경과 함께 기억에 오래 남는 영화 
1108,너무 좋았다꼭 봐야함 
1109,코로나 시기에 정말 몰입하며 진한 감동을 선사하는 명작입니다 
1110,보는내내 눈물펑펑혀라도깨물어서 따라오라는최고예요 그냥 
1111,메세지는 알겠으나 디즈니가 끼면 꼭 은은하든 직접적이든 피씨의 향기를 풍기더라 
1113,간만에 깔끔한 프랑스 영화 봤어요 
